{
  "run_id": "20260125_080409_BindingDB_Kd",
  "dataset": "BindingDB_Kd",
  "drug_encoding": "Morgan",
  "target_encoding": "CNN",
  "epochs": 10,
  "batch": 256,
  "lr": 0.0001,
  "seed": 1,
  "label_transform": "paffinity_nm",
  "harmonize_bindingdb": "mean",
  "max_rows_bindingdb": 200000,
  "n_rows_after_clean": 42227,
  "metrics_test": {
    "mse": 0.6668116801003642,
    "rmse": 0.8165853783287845,
    "mae": 0.5363398819335631,
    "pearson": 0.7679378085096028,
    "spearman": 0.6965307155214171,
    "ci_approx": 0.8053618329014657
  },
  "files": {
    "predictions_test_csv": "c:\\Users\\hamza\\Downloads\\Free Spitfire 3D printed RC plane - 2118624\\files\\runs\\20260125_080409_BindingDB_Kd\\predictions_test.csv",
    "scatter_png": "c:\\Users\\hamza\\Downloads\\Free Spitfire 3D printed RC plane - 2118624\\files\\runs\\20260125_080409_BindingDB_Kd\\scatter.png",
    "curves_sorted_png": "c:\\Users\\hamza\\Downloads\\Free Spitfire 3D printed RC plane - 2118624\\files\\runs\\20260125_080409_BindingDB_Kd\\curves_sorted.png",
    "residuals_png": "c:\\Users\\hamza\\Downloads\\Free Spitfire 3D printed RC plane - 2118624\\files\\runs\\20260125_080409_BindingDB_Kd\\residuals.png",
    "hist_true_pred_png": "c:\\Users\\hamza\\Downloads\\Free Spitfire 3D printed RC plane - 2118624\\files\\runs\\20260125_080409_BindingDB_Kd\\hist_true_pred.png",
    "ecdf_true_pred_png": "c:\\Users\\hamza\\Downloads\\Free Spitfire 3D printed RC plane - 2118624\\files\\runs\\20260125_080409_BindingDB_Kd\\ecdf_true_pred.png"
  },
  "timing": {
    "total_seconds": 6569.407529115677,
    "train_seconds": 6519.24321103096
  }
}