{
  "webhook": false,
  "icon": null,
  "name": "Molecule Query and Visualization",
  "description": "Obtain a structurally similar molecule, generate its 3D conformation, and visualize it.",
  "icon_bg_color": null,
  "endpoint_name": null,
  "user_id": "8c6bf5c6-4683-4421-8493-cb4f723c3047",
  "id": "39ef5354-d99e-4e68-994d-f47e2c36260d",
  "tags": null,
  "gradient": null,
  "locked": false,
  "folder_id": "8c2ad783-4168-4637-acea-6a706be30e0f",
  "is_component": false,
  "data": {
    "nodes": [
      {
        "id": "PUBCHEMID_SEARCH-Jr3CF",
        "type": "genericNode",
        "position": {
          "x": -60.051355238830226,
          "y": 157.9767307889708
        },
        "data": {
          "node": {
            "template": {
              "_type": "Component",
              "api_key": {
                "load_from_db": false,
                "required": false,
                "placeholder": "",
                "show": true,
                "name": "api_key",
                "value": "",
                "display_name": "API Key",
                "advanced": true,
                "input_types": [
                  "Message"
                ],
                "dynamic": false,
                "info": "",
                "title_case": false,
                "password": true,
                "type": "str",
                "_input_type": "SecretStrInput"
              },
              "auth_type": {
                "tool_mode": false,
                "trace_as_metadata": true,
                "options": [
                  "None",
                  "Basic",
                  "Bearer"
                ],
                "options_metadata": [],
                "combobox": false,
                "dialog_inputs": {},
                "required": false,
                "placeholder": "",
                "show": true,
                "name": "auth_type",
                "value": "None",
                "display_name": "Authentication Type",
                "advanced": true,
                "dynamic": false,
                "info": "Choose the type of authentication for the request.",
                "title_case": false,
                "type": "str",
                "_input_type": "DropdownInput"
              },
              "body": {
                "tool_mode": false,
                "trace_as_input": true,
                "trace_as_metadata": true,
                "list": false,
                "list_add_label": "Add More",
                "required": false,
                "placeholder": "",
                "show": true,
                "name": "body",
                "value": {},
                "display_name": "Body Parameters",
                "advanced": false,
                "input_types": [
                  "Data"
                ],
                "dynamic": false,
                "info": "Body parameters for POST, PUT, PATCH requests.",
                "title_case": false,
                "type": "NestedDict",
                "_input_type": "NestedDictInput"
              },
              "code": {
                "type": "code",
                "required": true,
                "placeholder": "",
                "list": false,
                "show": true,
                "multiline": true,
                "value": "import copy\nimport json\nfrom typing import Any, Dict, List, Optional\nfrom urllib.parse import parse_qsl, urlencode, urlparse, urlunparse\n\nimport requests\nfrom loguru import logger\nfrom langflow.custom import Component\nfrom langflow.io import DataInput, DropdownInput, IntInput, MessageTextInput, MultilineInput, NestedDictInput, Output, \\\n    SecretStrInput, StrInput\nfrom langflow.schema import Data\n\nBodyTemplate = {\n  \"task\": \"molecule_name_request\",\n  \"query\": \"\"\n}\n\nTEXT_INPUTS_KEYS = [\"query\"]\nSKIPPED_KEYS = [\"task\", \"database\"]\n\n\nclass PHARMOLIX_PUBCHEMID_SEARCH(Component):\n    display_name = \"PUBCHEMID_SEARCH\"\n    description = (\n        \"\"\"\n        工具名称：网络搜索\n        功能描述：给定一个搜索目标，从互联网上检索相关信息并输出\n        工具输入：\n        - query：搜索目标（如“介绍一下糖尿病”）\n        工具输出：\n        - text: 搜索结果（至多返回5条）\n        \"\"\"\n    )\n    icon = \"Globe\"\n    name = \"PUBCHEMID_SEARCH\"\n    custom_inputs = [MessageTextInput(\n        name=key,\n        display_name=key,\n        info=key,\n        value=\"\"\n    ) for key in TEXT_INPUTS_KEYS]\n    inputs = custom_inputs + [\n        IntInput(\n            name=\"timeout\",\n            display_name=\"Timeout (seconds)\",\n            value=50,\n            info=\"Specify the timeout duration for the request.\",\n            advanced=True\n        ),\n        SecretStrInput(\n            name=\"api_key\",\n            display_name=\"API Key\",\n            value=\"None\",\n            advanced=True,\n        ),\n        DropdownInput(\n            name=\"auth_type\",\n            display_name=\"Authentication Type\",\n            options=[\"None\", \"Basic\", \"Bearer\"],\n            value=\"None\",\n            advanced=True,\n            info=\"Choose the type of authentication for the request.\",\n        ),\n        NestedDictInput(\n            name=\"headers\",\n            display_name=\"Custom Headers\",\n            info=\"Headers to include with the request.\",\n            input_types=[\"Data\"],\n            advanced=True,\n        ),\n        NestedDictInput(\n            name=\"body\",\n            display_name=\"Body Parameters\",\n            info=\"Body parameters for POST, PUT, PATCH requests.\",\n            input_types=[\"Data\"],\n            advanced=False,\n        ),\n        NestedDictInput(\n            name=\"query_params\",\n            display_name=\"Query Parameters\",\n            info=\"Query parameters to append to the URL.\",\n            input_types=[\"Data\"],\n            advanced=True,\n        )\n    ]\n\n    outputs = [\n        Output(display_name=\"Response Data\", name=\"data\", method=\"make_requests\"),\n    ]\n\n    def make_request(\n            self,\n            method: str,\n            url: str,\n            headers: Optional[dict] = None,\n            body: Optional[dict] = None,\n            timeout: int = 5,\n            auth: Optional[Any] = None,  # Adding auth parameter\n    ) -> Data:\n        method = method.upper()\n        if method not in [\"GET\", \"POST\", \"PATCH\", \"PUT\", \"DELETE\"]:\n            raise ValueError(f\"Unsupported method: {method}\")\n\n        try:\n            response = requests.request(\n                method, url, headers=headers, json=body, timeout=timeout, auth=auth\n            )\n            try:\n                result = response.json()\n            except json.JSONDecodeError:\n                result = response.text\n            return Data(\n                data=result,\n            )\n        except requests.exceptions.Timeout:\n            return Data(\n                data={\n                    \"source\": url,\n                    \"headers\": headers,\n                    \"status_code\": 408,\n                    \"error\": \"Request timed out\",\n                },\n            )\n        except requests.exceptions.RequestException as exc:\n            return Data(\n                data={\n                    \"source\": url,\n                    \"headers\": headers,\n                    \"status_code\": 500,\n                    \"error\": str(exc),\n                },\n            )\n\n    def add_query_params(self, url: str, params: dict) -> str:\n        url_parts = list(urlparse(url))\n        query = dict(parse_qsl(url_parts[4]))\n        query.update(params)\n        url_parts[4] = urlencode(query)\n        return urlunparse(url_parts)\n\n    def fill_body(self, body: dict, input_body: dict) -> dict:\n        for key in body:\n            if key in SKIPPED_KEYS:\n                continue\n            if isinstance(body[key], dict):\n                body[key] = self.fill_body(body[key], input_body)\n            else:\n                body[key] = getattr(self, key, None) or input_body.get(key)\n                logger.warning(\"key\", getattr(self, key, None))\n        # update keys in\n        return body\n\n    def make_requests(self) -> Data:\n        method = \"POST\"\n        url = \"http://101.126.41.66:32517/web_search/\"\n        headers = self.headers.data if isinstance(self.headers, Data) else self.headers or {}\n        input_body = self.body.data if isinstance(self.body, Data) else self.body or {}\n        body = copy.deepcopy(BodyTemplate)\n        body = self.fill_body(body, input_body)\n        timeout = self.timeout or 50\n        query_params = self.query_params.data if isinstance(self.query_params, Data) else {}\n\n        auth = None\n        # Handling Authentication\n        if self.auth_type == \"Bearer\" and self.api_key:\n            headers[\"Authorization\"] = f\"Bearer {self.api_key}\"\n        elif self.auth_type == \"Basic\" and self.username and self.password:\n            from requests.auth import HTTPBasicAuth\n            auth = HTTPBasicAuth(self.username, self.password)\n        else:\n            auth = None\n\n        url = self.add_query_params(url, query_params)\n\n        if not url:\n            logger.warning(\"No URLs provided; returning empty result set.\")\n            return Data(\n                data={\n                    \"source\": url,\n                    \"headers\": headers,\n                    \"status_code\": 404,\n                    \"error\": \"Url not provided\",\n                },\n            )\n\n        self.status = self.make_request(method, url, headers, body, timeout, auth=auth)\n        return self.status\n",
                "fileTypes": [],
                "file_path": "",
                "password": false,
                "name": "code",
                "advanced": true,
                "dynamic": true,
                "info": "",
                "load_from_db": false,
                "title_case": false
              },
              "headers": {
                "tool_mode": false,
                "trace_as_input": true,
                "trace_as_metadata": true,
                "list": false,
                "list_add_label": "Add More",
                "required": false,
                "placeholder": "",
                "show": true,
                "name": "headers",
                "value": {},
                "display_name": "Custom Headers",
                "advanced": true,
                "input_types": [
                  "Data"
                ],
                "dynamic": false,
                "info": "Headers to include with the request.",
                "title_case": false,
                "type": "NestedDict",
                "_input_type": "NestedDictInput"
              },
              "query": {
                "tool_mode": false,
                "trace_as_input": true,
                "trace_as_metadata": true,
                "load_from_db": false,
                "list": false,
                "list_add_label": "Add More",
                "required": false,
                "placeholder": "",
                "show": true,
                "name": "query",
                "value": "Aspirin",
                "display_name": "query",
                "advanced": false,
                "input_types": [
                  "Message"
                ],
                "dynamic": false,
                "info": "query",
                "title_case": false,
                "type": "str",
                "_input_type": "MessageTextInput"
              },
              "query_params": {
                "tool_mode": false,
                "trace_as_input": true,
                "trace_as_metadata": true,
                "list": false,
                "list_add_label": "Add More",
                "required": false,
                "placeholder": "",
                "show": true,
                "name": "query_params",
                "value": {},
                "display_name": "Query Parameters",
                "advanced": true,
                "input_types": [
                  "Data"
                ],
                "dynamic": false,
                "info": "Query parameters to append to the URL.",
                "title_case": false,
                "type": "NestedDict",
                "_input_type": "NestedDictInput"
              },
              "timeout": {
                "tool_mode": false,
                "trace_as_metadata": true,
                "list": false,
                "list_add_label": "Add More",
                "required": false,
                "placeholder": "",
                "show": true,
                "name": "timeout",
                "value": 50,
                "display_name": "Timeout (seconds)",
                "advanced": true,
                "dynamic": false,
                "info": "Specify the timeout duration for the request.",
                "title_case": false,
                "type": "int",
                "_input_type": "IntInput"
              }
            },
            "description": "\n        工具名称：网络搜索\n        功能描述：给定一个搜索目标，从互联网上检索相关信息并输出\n        工具输入：\n        - query：搜索目标（如“介绍一下糖尿病”）\n        工具输出：\n        - text: 搜索结果（至多返回5条）\n        ",
            "icon": "Globe",
            "base_classes": [
              "Data"
            ],
            "display_name": "PUBCHEMID_SEARCH",
            "documentation": "",
            "minimized": false,
            "custom_fields": {},
            "output_types": [],
            "pinned": false,
            "conditional_paths": [],
            "frozen": false,
            "outputs": [
              {
                "types": [
                  "Data"
                ],
                "selected": "Data",
                "name": "data",
                "display_name": "Response Data",
                "method": "make_requests",
                "value": "__UNDEFINED__",
                "cache": true,
                "allows_loop": false,
                "tool_mode": true
              }
            ],
            "field_order": [
              "query",
              "timeout",
              "api_key",
              "auth_type",
              "headers",
              "body",
              "query_params"
            ],
            "beta": false,
            "legacy": false,
            "edited": false,
            "metadata": {},
            "tool_mode": false,
            "lf_version": "1.1.5"
          },
          "showNode": true,
          "type": "PUBCHEMID_SEARCH",
          "id": "PUBCHEMID_SEARCH-Jr3CF"
        },
        "selected": false,
        "measured": {
          "width": 320,
          "height": 466
        },
        "dragging": false
      },
      {
        "id": "MOLECULE_STRUCTURE_REQUEST-bsJjL",
        "type": "genericNode",
        "position": {
          "x": 788.7815207491534,
          "y": 72.94233555545654
        },
        "data": {
          "node": {
            "template": {
              "_type": "Component",
              "api_key": {
                "load_from_db": false,
                "required": false,
                "placeholder": "",
                "show": true,
                "name": "api_key",
                "value": "",
                "display_name": "API Key",
                "advanced": true,
                "input_types": [
                  "Message"
                ],
                "dynamic": false,
                "info": "",
                "title_case": false,
                "password": true,
                "type": "str",
                "_input_type": "SecretStrInput"
              },
              "auth_type": {
                "tool_mode": false,
                "trace_as_metadata": true,
                "options": [
                  "None",
                  "Basic",
                  "Bearer"
                ],
                "options_metadata": [],
                "combobox": false,
                "dialog_inputs": {},
                "required": false,
                "placeholder": "",
                "show": true,
                "name": "auth_type",
                "value": "None",
                "display_name": "Authentication Type",
                "advanced": true,
                "dynamic": false,
                "info": "Choose the type of authentication for the request.",
                "title_case": false,
                "type": "str",
                "_input_type": "DropdownInput"
              },
              "body": {
                "tool_mode": false,
                "trace_as_input": true,
                "trace_as_metadata": true,
                "list": false,
                "list_add_label": "Add More",
                "required": false,
                "placeholder": "",
                "show": true,
                "name": "body",
                "value": {},
                "display_name": "Body Parameters",
                "advanced": false,
                "input_types": [
                  "Data"
                ],
                "dynamic": false,
                "info": "Body parameters for POST, PUT, PATCH requests.",
                "title_case": false,
                "type": "NestedDict",
                "_input_type": "NestedDictInput"
              },
              "code": {
                "type": "code",
                "required": true,
                "placeholder": "",
                "list": false,
                "show": true,
                "multiline": true,
                "value": "import copy\nimport json\nimport logging\nfrom typing import Any, Dict, List, Optional\nfrom urllib.parse import parse_qsl, urlencode, urlparse, urlunparse\n\nimport requests\nfrom loguru import logger\nfrom langflow.custom import Component\nfrom langflow.io import DataInput, DropdownInput, IntInput, MessageTextInput, MultilineInput, NestedDictInput, Output, \\\n    SecretStrInput, StrInput\nfrom langflow.schema import Data\n\nBodyTemplate = {\n  \"task\": \"molecule_structure_request\",\n  \"threshold\": \"\",\n  \"molecule\": \"\"\n}\n\nTEXT_INPUTS_KEYS = [\"threshold\", \"molecule\"]\n\nSKIPPED_KEYS = [\"task\"]\n\n\nclass PHARMOLIX_MOLECULE_STRUCTURE_REQUEST(Component):\n    display_name = \"MOLECULE_STRUCTURE_REQUEST\"\n    description = (\n        \"\"\"\n        工具名称：分子相似结构查询（PubChem）\n        功能描述：给定一个分子，从PubChem检索相似结构\n        工具输入：\n        - molecule：待查询分子（推荐以SMILES串形式输入或承接分子生成模型/检索工具的输出）\n        - threshold：查询阈值，为一个0~1的实数，工具会返回结构相似度大于该阈值的分子\n        - max_records：写死为1，只返回一个\n        工具输出：\n        - molecule: 检索到的分子，为一个服务器端的文件路径，可以传递到其他工具中作为输入\n        - molecule_preview：检索到的分子的SMILES串\n        \"\"\"\n    )\n    icon = \"Globe\"\n    name = \"MOLECULE_STRUCTURE_REQUEST\"\n    custom_inputs = [MessageTextInput(\n        name=key,\n        display_name=key,\n        info=key,\n        value=\"\"\n    ) for key in TEXT_INPUTS_KEYS]\n    inputs = custom_inputs + [\n        IntInput(\n            name=\"timeout\",\n            display_name=\"Timeout (seconds)\",\n            value=500,\n            info=\"Specify the timeout duration for the request.\",\n            advanced=True\n        ),\n        SecretStrInput(\n            name=\"api_key\",\n            display_name=\"API Key\",\n            value=\"None\",\n            advanced=True,\n        ),\n        DropdownInput(\n            name=\"auth_type\",\n            display_name=\"Authentication Type\",\n            options=[\"None\", \"Basic\", \"Bearer\"],\n            value=\"None\",\n            advanced=True,\n            info=\"Choose the type of authentication for the request.\",\n        ),\n        NestedDictInput(\n            name=\"headers\",\n            display_name=\"Custom Headers\",\n            info=\"Headers to include with the request.\",\n            input_types=[\"Data\"],\n            advanced=True,\n        ),\n        NestedDictInput(\n            name=\"body\",\n            display_name=\"Body Parameters\",\n            info=\"Body parameters for POST, PUT, PATCH requests.\",\n            input_types=[\"Data\"],\n            advanced=False,\n        ),\n        NestedDictInput(\n            name=\"extra_inputs\",\n            display_name=\"额外输入\",\n            info=\" 目前支持[model, molecule]\",\n            input_types=[\"Data\"],\n            advanced=False,\n        ),\n        NestedDictInput(\n            name=\"query_params\",\n            display_name=\"Query Parameters\",\n            info=\"Query parameters to append to the URL.\",\n            input_types=[\"Data\"],\n            advanced=True,\n        )\n    ]\n\n    outputs = [\n        Output(display_name=\"Response Data\", name=\"response\", method=\"make_requests\"),\n    ]\n\n    def make_request(\n            self,\n            method: str,\n            url: str,\n            headers: Optional[dict] = None,\n            body: Optional[dict] = None,\n            timeout: int = 5,\n            auth: Optional[Any] = None,  # Adding auth parameter\n    ) -> Data:\n        method = method.upper()\n        if method not in [\"GET\", \"POST\", \"PATCH\", \"PUT\", \"DELETE\"]:\n            raise ValueError(f\"Unsupported method: {method}\")\n\n        try:\n            response = requests.request(\n                method, url, headers=headers, json=body, timeout=timeout, auth=auth\n            )\n            try:\n                result = response.json()\n            except json.JSONDecodeError:\n                result = response.text\n            return Data(\n                data=result,\n            )\n        except requests.exceptions.Timeout:\n            return Data(\n                data={\n                    \"source\": url,\n                    \"headers\": headers,\n                    \"status_code\": 408,\n                    \"error\": \"Request timed out\",\n                },\n            )\n        except requests.exceptions.RequestException as exc:\n            return Data(\n                data={\n                    \"source\": url,\n                    \"headers\": headers,\n                    \"status_code\": 500,\n                    \"error\": str(exc),\n                },\n            )\n\n    def add_query_params(self, url: str, params: dict) -> str:\n        url_parts = list(urlparse(url))\n        query = dict(parse_qsl(url_parts[4]))\n        query.update(params)\n        url_parts[4] = urlencode(query)\n        return urlunparse(url_parts)\n\n    def fill_body(self, body: dict, input_body: dict) -> dict:\n        for key in body:\n            if key in SKIPPED_KEYS:\n                continue\n            if isinstance(body[key], dict):\n                body[key] = self.fill_body(body[key], input_body)\n            else:\n                body[key] = getattr(self, key, None) or input_body.get(key)\n                logger.warning(\"key\", getattr(self, key, None))\n        # update keys in\n        logging.warning(str(body))\n        return body\n\n    def make_requests(self) -> Data:\n        method = \"POST\"\n        url = \"http://101.126.41.66:32517/web_search/\"\n        headers = self.headers.data if isinstance(self.headers, Data) else self.headers or {}\n        input_body = self.body.data if isinstance(self.body, Data) else self.body or {}\n        input_extra = self.extra_inputs.data if isinstance(self.extra_inputs, Data) else self.extra_inputs or {}\n        input_body.update(input_extra)\n        body = copy.deepcopy(BodyTemplate)\n        body = self.fill_body(body, input_body)\n        timeout = self.timeout or 5\n        query_params = self.query_params.data if isinstance(self.query_params, Data) else {}\n\n        auth = None\n        # Handling Authentication\n        if self.auth_type == \"Bearer\" and self.api_key:\n            headers[\"Authorization\"] = f\"Bearer {self.api_key}\"\n        elif self.auth_type == \"Basic\" and self.username and self.password:\n            from requests.auth import HTTPBasicAuth\n            auth = HTTPBasicAuth(self.username, self.password)\n        else:\n            auth = None\n\n        url = self.add_query_params(url, query_params)\n\n        if not url:\n            logger.warning(\"No URLs provided; returning empty result set.\")\n            return Data(\n                data={\n                    \"source\": url,\n                    \"headers\": headers,\n                    \"status_code\": 404,\n                    \"error\": \"Url not provided\",\n                },\n            )\n\n        self.status = self.make_request(method, url, headers, body, timeout, auth=auth)\n        return self.status\n",
                "fileTypes": [],
                "file_path": "",
                "password": false,
                "name": "code",
                "advanced": true,
                "dynamic": true,
                "info": "",
                "load_from_db": false,
                "title_case": false
              },
              "extra_inputs": {
                "tool_mode": false,
                "trace_as_input": true,
                "trace_as_metadata": true,
                "list": false,
                "list_add_label": "Add More",
                "required": false,
                "placeholder": "",
                "show": true,
                "name": "extra_inputs",
                "value": {},
                "display_name": "额外输入",
                "advanced": false,
                "input_types": [
                  "Data"
                ],
                "dynamic": false,
                "info": " 目前支持[model, molecule]",
                "title_case": false,
                "type": "NestedDict",
                "_input_type": "NestedDictInput"
              },
              "headers": {
                "tool_mode": false,
                "trace_as_input": true,
                "trace_as_metadata": true,
                "list": false,
                "list_add_label": "Add More",
                "required": false,
                "placeholder": "",
                "show": true,
                "name": "headers",
                "value": {},
                "display_name": "Custom Headers",
                "advanced": true,
                "input_types": [
                  "Data"
                ],
                "dynamic": false,
                "info": "Headers to include with the request.",
                "title_case": false,
                "type": "NestedDict",
                "_input_type": "NestedDictInput"
              },
              "molecule": {
                "tool_mode": false,
                "trace_as_input": true,
                "trace_as_metadata": true,
                "load_from_db": false,
                "list": false,
                "list_add_label": "Add More",
                "required": false,
                "placeholder": "",
                "show": true,
                "name": "molecule",
                "value": "",
                "display_name": "molecule",
                "advanced": false,
                "input_types": [
                  "Message"
                ],
                "dynamic": false,
                "info": "molecule",
                "title_case": false,
                "type": "str",
                "_input_type": "MessageTextInput"
              },
              "query_params": {
                "tool_mode": false,
                "trace_as_input": true,
                "trace_as_metadata": true,
                "list": false,
                "list_add_label": "Add More",
                "required": false,
                "placeholder": "",
                "show": true,
                "name": "query_params",
                "value": {},
                "display_name": "Query Parameters",
                "advanced": true,
                "input_types": [
                  "Data"
                ],
                "dynamic": false,
                "info": "Query parameters to append to the URL.",
                "title_case": false,
                "type": "NestedDict",
                "_input_type": "NestedDictInput"
              },
              "threshold": {
                "tool_mode": false,
                "trace_as_input": true,
                "trace_as_metadata": true,
                "load_from_db": false,
                "list": false,
                "list_add_label": "Add More",
                "required": false,
                "placeholder": "",
                "show": true,
                "name": "threshold",
                "value": "0.8",
                "display_name": "threshold",
                "advanced": false,
                "input_types": [
                  "Message"
                ],
                "dynamic": false,
                "info": "threshold",
                "title_case": false,
                "type": "str",
                "_input_type": "MessageTextInput"
              },
              "timeout": {
                "tool_mode": false,
                "trace_as_metadata": true,
                "list": false,
                "list_add_label": "Add More",
                "required": false,
                "placeholder": "",
                "show": true,
                "name": "timeout",
                "value": 500,
                "display_name": "Timeout (seconds)",
                "advanced": true,
                "dynamic": false,
                "info": "Specify the timeout duration for the request.",
                "title_case": false,
                "type": "int",
                "_input_type": "IntInput"
              }
            },
            "description": "\n        工具名称：分子相似结构查询（PubChem）\n        功能描述：给定一个分子，从PubChem检索相似结构\n        工具输入：\n        - molecule：待查询分子（推荐以SMILES串形式输入或承接分子生成模型/检索工具的输出）\n        - threshold：查询阈值，为一个0~1的实数，工具会返回结构相似度大于该阈值的分子\n        - max_records：写死为1，只返回一个\n        工具输出：\n        - molecule: 检索到的分子，为一个服务器端的文件路径，可以传递到其他工具中作为输入\n        - molecule_preview：检索到的分子的SMILES串\n        ",
            "icon": "Globe",
            "base_classes": [
              "Data"
            ],
            "display_name": "MOLECULE_STRUCTURE_REQUEST",
            "documentation": "",
            "minimized": false,
            "custom_fields": {},
            "output_types": [],
            "pinned": false,
            "conditional_paths": [],
            "frozen": false,
            "outputs": [
              {
                "types": [
                  "Data"
                ],
                "selected": "Data",
                "name": "response",
                "display_name": "Response Data",
                "method": "make_requests",
                "value": "__UNDEFINED__",
                "cache": true,
                "allows_loop": false,
                "tool_mode": true
              }
            ],
            "field_order": [
              "threshold",
              "molecule",
              "timeout",
              "api_key",
              "auth_type",
              "headers",
              "body",
              "extra_inputs",
              "query_params"
            ],
            "beta": false,
            "legacy": false,
            "edited": false,
            "metadata": {},
            "tool_mode": false,
            "lf_version": "1.1.5"
          },
          "showNode": true,
          "type": "MOLECULE_STRUCTURE_REQUEST",
          "id": "MOLECULE_STRUCTURE_REQUEST-bsJjL"
        },
        "selected": false,
        "measured": {
          "width": 320,
          "height": 765
        },
        "dragging": false
      },
      {
        "id": "ParseData-rdGb1",
        "type": "genericNode",
        "position": {
          "x": 351.6360037671034,
          "y": 236.55235360721792
        },
        "data": {
          "node": {
            "template": {
              "_type": "Component",
              "data": {
                "tool_mode": false,
                "trace_as_metadata": true,
                "list": true,
                "list_add_label": "Add More",
                "trace_as_input": true,
                "required": true,
                "placeholder": "",
                "show": true,
                "name": "data",
                "value": "",
                "display_name": "Data",
                "advanced": false,
                "input_types": [
                  "Data"
                ],
                "dynamic": false,
                "info": "The data to convert to text.",
                "title_case": false,
                "type": "other",
                "_input_type": "DataInput"
              },
              "code": {
                "type": "code",
                "required": true,
                "placeholder": "",
                "list": false,
                "show": true,
                "multiline": true,
                "value": "from langflow.custom import Component\nfrom langflow.helpers.data import data_to_text, data_to_text_list\nfrom langflow.io import DataInput, MultilineInput, Output, StrInput\nfrom langflow.schema import Data\nfrom langflow.schema.message import Message\n\n\nclass ParseDataComponent(Component):\n    display_name = \"Data to Message\"\n    description = \"Convert Data objects into Messages using any {field_name} from input data.\"\n    icon = \"message-square\"\n    name = \"ParseData\"\n\n    inputs = [\n        DataInput(name=\"data\", display_name=\"Data\", info=\"The data to convert to text.\", is_list=True, required=True),\n        MultilineInput(\n            name=\"template\",\n            display_name=\"Template\",\n            info=\"The template to use for formatting the data. \"\n            \"It can contain the keys {text}, {data} or any other key in the Data.\",\n            value=\"{text}\",\n            required=True,\n        ),\n        StrInput(name=\"sep\", display_name=\"Separator\", advanced=True, value=\"\\n\"),\n    ]\n\n    outputs = [\n        Output(\n            display_name=\"Message\",\n            name=\"text\",\n            info=\"Data as a single Message, with each input Data separated by Separator\",\n            method=\"parse_data\",\n        ),\n        Output(\n            display_name=\"Data List\",\n            name=\"data_list\",\n            info=\"Data as a list of new Data, each having `text` formatted by Template\",\n            method=\"parse_data_as_list\",\n        ),\n    ]\n\n    def _clean_args(self) -> tuple[list[Data], str, str]:\n        data = self.data if isinstance(self.data, list) else [self.data]\n        template = self.template\n        sep = self.sep\n        return data, template, sep\n\n    def parse_data(self) -> Message:\n        data, template, sep = self._clean_args()\n        result_string = data_to_text(template, data, sep)\n        self.status = result_string\n        return Message(text=result_string)\n\n    def parse_data_as_list(self) -> list[Data]:\n        data, template, _ = self._clean_args()\n        text_list, data_list = data_to_text_list(template, data)\n        for item, text in zip(data_list, text_list, strict=True):\n            item.set_text(text)\n        self.status = data_list\n        return data_list\n",
                "fileTypes": [],
                "file_path": "",
                "password": false,
                "name": "code",
                "advanced": true,
                "dynamic": true,
                "info": "",
                "load_from_db": false,
                "title_case": false
              },
              "sep": {
                "tool_mode": false,
                "trace_as_metadata": true,
                "load_from_db": false,
                "list": false,
                "list_add_label": "Add More",
                "required": false,
                "placeholder": "",
                "show": true,
                "name": "sep",
                "value": "\n",
                "display_name": "Separator",
                "advanced": true,
                "dynamic": false,
                "info": "",
                "title_case": false,
                "type": "str",
                "_input_type": "StrInput"
              },
              "template": {
                "tool_mode": false,
                "trace_as_input": true,
                "multiline": true,
                "trace_as_metadata": true,
                "load_from_db": false,
                "list": false,
                "list_add_label": "Add More",
                "required": true,
                "placeholder": "",
                "show": true,
                "name": "template",
                "value": "{molecule}",
                "display_name": "Template",
                "advanced": false,
                "input_types": [
                  "Message"
                ],
                "dynamic": false,
                "info": "The template to use for formatting the data. It can contain the keys {text}, {data} or any other key in the Data.",
                "title_case": false,
                "type": "str",
                "_input_type": "MultilineInput"
              }
            },
            "description": "Convert Data objects into Messages using any {field_name} from input data.",
            "icon": "message-square",
            "base_classes": [
              "Data",
              "Message"
            ],
            "display_name": "Data to Message",
            "documentation": "",
            "minimized": false,
            "custom_fields": {},
            "output_types": [],
            "pinned": false,
            "conditional_paths": [],
            "frozen": false,
            "outputs": [
              {
                "types": [
                  "Message"
                ],
                "selected": "Message",
                "name": "text",
                "display_name": "Message",
                "method": "parse_data",
                "value": "__UNDEFINED__",
                "cache": true,
                "allows_loop": false,
                "tool_mode": true
              },
              {
                "types": [
                  "Data"
                ],
                "selected": "Data",
                "name": "data_list",
                "display_name": "Data List",
                "method": "parse_data_as_list",
                "value": "__UNDEFINED__",
                "cache": true,
                "allows_loop": false,
                "tool_mode": true
              }
            ],
            "field_order": [
              "data",
              "template",
              "sep"
            ],
            "beta": false,
            "legacy": false,
            "edited": false,
            "metadata": {},
            "tool_mode": false,
            "lf_version": "1.1.5"
          },
          "showNode": true,
          "type": "ParseData",
          "id": "ParseData-rdGb1"
        },
        "selected": false,
        "measured": {
          "width": 320,
          "height": 342
        },
        "dragging": false
      },
      {
        "id": "VISUALIZE_MOLECULE-VXRvz",
        "type": "genericNode",
        "position": {
          "x": 1583.823952219431,
          "y": 83.1679616836916
        },
        "data": {
          "node": {
            "template": {
              "_type": "Component",
              "api_key": {
                "load_from_db": false,
                "required": false,
                "placeholder": "",
                "show": true,
                "name": "api_key",
                "value": "",
                "display_name": "API Key",
                "advanced": true,
                "input_types": [
                  "Message"
                ],
                "dynamic": false,
                "info": "",
                "title_case": false,
                "password": true,
                "type": "str",
                "_input_type": "SecretStrInput"
              },
              "auth_type": {
                "tool_mode": false,
                "trace_as_metadata": true,
                "options": [
                  "None",
                  "Basic",
                  "Bearer"
                ],
                "options_metadata": [],
                "combobox": false,
                "dialog_inputs": {},
                "required": false,
                "placeholder": "",
                "show": true,
                "name": "auth_type",
                "value": "None",
                "display_name": "Authentication Type",
                "advanced": true,
                "dynamic": false,
                "info": "Choose the type of authentication for the request.",
                "title_case": false,
                "type": "str",
                "_input_type": "DropdownInput"
              },
              "body": {
                "tool_mode": false,
                "trace_as_input": true,
                "trace_as_metadata": true,
                "list": false,
                "list_add_label": "Add More",
                "required": false,
                "placeholder": "",
                "show": true,
                "name": "body",
                "value": {},
                "display_name": "Body Parameters",
                "advanced": false,
                "input_types": [
                  "Data"
                ],
                "dynamic": false,
                "info": "Body parameters for POST, PUT, PATCH requests.",
                "title_case": false,
                "type": "NestedDict",
                "_input_type": "NestedDictInput"
              },
              "code": {
                "type": "code",
                "required": true,
                "placeholder": "",
                "list": false,
                "show": true,
                "multiline": true,
                "value": "import copy\nimport json\nfrom typing import Any, Dict, List, Optional\nfrom urllib.parse import parse_qsl, urlencode, urlparse, urlunparse\n\nimport requests\nfrom loguru import logger\nfrom langflow.custom import Component\nfrom langflow.io import DataInput, DropdownInput, IntInput, MessageTextInput, MultilineInput, NestedDictInput, Output, \\\n    SecretStrInput, StrInput\nfrom langflow.schema import Data\n\nBodyTemplate = {\n  \"task\": \"visualize_molecule\",\n  \"config\": \"\",\n  \"molecule\": \"\"\n}\n\nTEXT_INPUTS_KEYS = [\"config\", \"molecule\"]\nSKIPPED_KEYS = [\"task\"]\n\n\nclass PHARMOLIX_VISUALIZE_MOLECULE(Component):\n    display_name = \"VISUALIZE_MOLECULE\"\n    description = (\n        \"\"\"\n        工具名称：分子可视化\n        功能描述：给定一个分子，可视化其结构\n        工具输入：\n        - molecule：初始分子（目前仅支持承接分子生成模型和检索工具的输出）\n        - config：可视化风格，目前支持2D或3D（ball-and-stick视图）\n        工具输出：\n        - image: 可视化结果的url，可在浏览器中访问下载\n        \"\"\"\n    )\n    icon = \"Globe\"\n    name = \"VISUALIZE_MOLECULE\"\n    custom_inputs = [MessageTextInput(\n        name=key,\n        display_name=key,\n        info=key,\n        value=\"\"\n    ) for key in TEXT_INPUTS_KEYS]\n    inputs = custom_inputs + [\n        IntInput(\n            name=\"timeout\",\n            display_name=\"Timeout (seconds)\",\n            value=500,\n            info=\"Specify the timeout duration for the request.\",\n        ),\n        SecretStrInput(\n            name=\"api_key\",\n            display_name=\"API Key\",\n            value=\"None\",\n            advanced=True,\n        ),\n        DropdownInput(\n            name=\"auth_type\",\n            display_name=\"Authentication Type\",\n            options=[\"None\", \"Basic\", \"Bearer\"],\n            value=\"None\",\n            advanced=True,\n            info=\"Choose the type of authentication for the request.\",\n        ),\n        NestedDictInput(\n            name=\"headers\",\n            display_name=\"Custom Headers\",\n            info=\"Headers to include with the request.\",\n            input_types=[\"Data\"],\n            advanced=True,\n        ),\n        NestedDictInput(\n            name=\"body\",\n            display_name=\"Body Parameters\",\n            info=\"Body parameters for POST, PUT, PATCH requests.\",\n            input_types=[\"Data\"],\n            advanced=False,\n        ),\n        NestedDictInput(\n            name=\"extra_inputs\",\n            display_name=\"额外输入\",\n            info=\" 目前支持[model, molecule]\",\n            input_types=[\"Data\"],\n            advanced=False,\n        ),\n        NestedDictInput(\n            name=\"query_params\",\n            display_name=\"Query Parameters\",\n            info=\"Query parameters to append to the URL.\",\n            input_types=[\"Data\"],\n            advanced=True,\n        )\n    ]\n\n    outputs = [\n        Output(display_name=\"Response Data\", name=\"data\", method=\"make_requests\"),\n    ]\n\n    def make_request(\n            self,\n            method: str,\n            url: str,\n            headers: Optional[dict] = None,\n            body: Optional[dict] = None,\n            timeout: int = 5,\n            auth: Optional[Any] = None,  # Adding auth parameter\n    ) -> Data:\n        method = method.upper()\n        if method not in [\"GET\", \"POST\", \"PATCH\", \"PUT\", \"DELETE\"]:\n            raise ValueError(f\"Unsupported method: {method}\")\n\n        try:\n            response = requests.request(\n                method, url, headers=headers, json=body, timeout=timeout, auth=auth\n            )\n            try:\n                result = response.json()\n            except json.JSONDecodeError:\n                result = response.text\n            return Data(\n                data=result,\n            )\n        except requests.exceptions.Timeout:\n            return Data(\n                data={\n                    \"source\": url,\n                    \"headers\": headers,\n                    \"status_code\": 408,\n                    \"error\": \"Request timed out\",\n                },\n            )\n        except requests.exceptions.RequestException as exc:\n            return Data(\n                data={\n                    \"source\": url,\n                    \"headers\": headers,\n                    \"status_code\": 500,\n                    \"error\": str(exc),\n                },\n            )\n\n    def add_query_params(self, url: str, params: dict) -> str:\n        url_parts = list(urlparse(url))\n        query = dict(parse_qsl(url_parts[4]))\n        query.update(params)\n        url_parts[4] = urlencode(query)\n        return urlunparse(url_parts)\n\n    def fill_body(self, body: dict, input_body: dict) -> dict:\n        for key in body:\n            if key in SKIPPED_KEYS:\n                continue\n            if isinstance(body[key], dict):\n                body[key] = self.fill_body(body[key], input_body)\n            else:\n                body[key] = getattr(self, key, None) or input_body.get(key)\n                logger.warning(\"key\", getattr(self, key, None))\n        # update keys in\n        return body\n\n    def make_requests(self) -> Data:\n        method = \"POST\"\n        url = \"http://101.126.41.66:32517/run_pipeline/\"\n        headers = self.headers.data if isinstance(self.headers, Data) else self.headers or {}\n        input_body = self.body.data if isinstance(self.body, Data) else self.body or {}\n        input_extra = self.extra_inputs.data if isinstance(self.extra_inputs, Data) else self.extra_inputs or {}\n        input_body.update(input_extra)\n        body = copy.deepcopy(BodyTemplate)\n        body = self.fill_body(body, input_body)\n        timeout = self.timeout or 5\n        query_params = self.query_params.data if isinstance(self.query_params, Data) else {}\n\n        auth = None\n        # Handling Authentication\n        if self.auth_type == \"Bearer\" and self.api_key:\n            headers[\"Authorization\"] = f\"Bearer {self.api_key}\"\n        elif self.auth_type == \"Basic\" and self.username and self.password:\n            from requests.auth import HTTPBasicAuth\n            auth = HTTPBasicAuth(self.username, self.password)\n        else:\n            auth = None\n\n        url = self.add_query_params(url, query_params)\n\n        if not url:\n            logger.warning(\"No URLs provided; returning empty result set.\")\n            return Data(\n                data={\n                    \"source\": url,\n                    \"headers\": headers,\n                    \"status_code\": 404,\n                    \"error\": \"Url not provided\",\n                },\n            )\n\n        self.status = self.make_request(method, url, headers, body, timeout, auth=auth)\n        return self.status\n",
                "fileTypes": [],
                "file_path": "",
                "password": false,
                "name": "code",
                "advanced": true,
                "dynamic": true,
                "info": "",
                "load_from_db": false,
                "title_case": false
              },
              "config": {
                "tool_mode": false,
                "trace_as_input": true,
                "trace_as_metadata": true,
                "load_from_db": false,
                "list": false,
                "list_add_label": "Add More",
                "required": false,
                "placeholder": "",
                "show": true,
                "name": "config",
                "value": "2D",
                "display_name": "config",
                "advanced": false,
                "input_types": [
                  "Message"
                ],
                "dynamic": false,
                "info": "config",
                "title_case": false,
                "type": "str",
                "_input_type": "MessageTextInput"
              },
              "extra_inputs": {
                "tool_mode": false,
                "trace_as_input": true,
                "trace_as_metadata": true,
                "list": false,
                "list_add_label": "Add More",
                "required": false,
                "placeholder": "",
                "show": true,
                "name": "extra_inputs",
                "value": {},
                "display_name": "额外输入",
                "advanced": false,
                "input_types": [
                  "Data"
                ],
                "dynamic": false,
                "info": " 目前支持[model, molecule]",
                "title_case": false,
                "type": "NestedDict",
                "_input_type": "NestedDictInput"
              },
              "headers": {
                "tool_mode": false,
                "trace_as_input": true,
                "trace_as_metadata": true,
                "list": false,
                "list_add_label": "Add More",
                "required": false,
                "placeholder": "",
                "show": true,
                "name": "headers",
                "value": {},
                "display_name": "Custom Headers",
                "advanced": true,
                "input_types": [
                  "Data"
                ],
                "dynamic": false,
                "info": "Headers to include with the request.",
                "title_case": false,
                "type": "NestedDict",
                "_input_type": "NestedDictInput"
              },
              "molecule": {
                "tool_mode": false,
                "trace_as_input": true,
                "trace_as_metadata": true,
                "load_from_db": false,
                "list": false,
                "list_add_label": "Add More",
                "required": false,
                "placeholder": "",
                "show": true,
                "name": "molecule",
                "value": "",
                "display_name": "molecule",
                "advanced": false,
                "input_types": [
                  "Message"
                ],
                "dynamic": false,
                "info": "molecule",
                "title_case": false,
                "type": "str",
                "_input_type": "MessageTextInput"
              },
              "query_params": {
                "tool_mode": false,
                "trace_as_input": true,
                "trace_as_metadata": true,
                "list": false,
                "list_add_label": "Add More",
                "required": false,
                "placeholder": "",
                "show": true,
                "name": "query_params",
                "value": {},
                "display_name": "Query Parameters",
                "advanced": true,
                "input_types": [
                  "Data"
                ],
                "dynamic": false,
                "info": "Query parameters to append to the URL.",
                "title_case": false,
                "type": "NestedDict",
                "_input_type": "NestedDictInput"
              },
              "timeout": {
                "tool_mode": false,
                "trace_as_metadata": true,
                "list": false,
                "list_add_label": "Add More",
                "required": false,
                "placeholder": "",
                "show": true,
                "name": "timeout",
                "value": 500,
                "display_name": "Timeout (seconds)",
                "advanced": false,
                "dynamic": false,
                "info": "Specify the timeout duration for the request.",
                "title_case": false,
                "type": "int",
                "_input_type": "IntInput"
              }
            },
            "description": "\n        工具名称：分子可视化\n        功能描述：给定一个分子，可视化其结构\n        工具输入：\n        - molecule：初始分子（目前仅支持承接分子生成模型和检索工具的输出）\n        - config：可视化风格，目前支持2D或3D（ball-and-stick视图）\n        工具输出：\n        - image: 可视化结果的url，可在浏览器中访问下载\n        ",
            "icon": "Globe",
            "base_classes": [
              "Data"
            ],
            "display_name": "VISUALIZE_MOLECULE",
            "documentation": "",
            "minimized": false,
            "custom_fields": {},
            "output_types": [],
            "pinned": false,
            "conditional_paths": [],
            "frozen": false,
            "outputs": [
              {
                "types": [
                  "Data"
                ],
                "selected": "Data",
                "name": "data",
                "display_name": "Response Data",
                "method": "make_requests",
                "value": "__UNDEFINED__",
                "cache": true,
                "allows_loop": false,
                "tool_mode": true
              }
            ],
            "field_order": [
              "config",
              "molecule",
              "timeout",
              "api_key",
              "auth_type",
              "headers",
              "body",
              "extra_inputs",
              "query_params"
            ],
            "beta": false,
            "legacy": false,
            "edited": false,
            "metadata": {},
            "tool_mode": false,
            "lf_version": "1.1.5"
          },
          "showNode": true,
          "type": "VISUALIZE_MOLECULE",
          "id": "VISUALIZE_MOLECULE-VXRvz"
        },
        "selected": false,
        "measured": {
          "width": 320,
          "height": 770
        },
        "dragging": false
      },
      {
        "id": "ParseData-ukKEX",
        "type": "genericNode",
        "position": {
          "x": 1160.7386711637046,
          "y": 285.12407771633457
        },
        "data": {
          "node": {
            "template": {
              "_type": "Component",
              "data": {
                "tool_mode": false,
                "trace_as_metadata": true,
                "list": true,
                "list_add_label": "Add More",
                "trace_as_input": true,
                "required": true,
                "placeholder": "",
                "show": true,
                "name": "data",
                "value": "",
                "display_name": "Data",
                "advanced": false,
                "input_types": [
                  "Data"
                ],
                "dynamic": false,
                "info": "The data to convert to text.",
                "title_case": false,
                "type": "other",
                "_input_type": "DataInput"
              },
              "code": {
                "type": "code",
                "required": true,
                "placeholder": "",
                "list": false,
                "show": true,
                "multiline": true,
                "value": "from langflow.custom import Component\nfrom langflow.helpers.data import data_to_text, data_to_text_list\nfrom langflow.io import DataInput, MultilineInput, Output, StrInput\nfrom langflow.schema import Data\nfrom langflow.schema.message import Message\n\n\nclass ParseDataComponent(Component):\n    display_name = \"Data to Message\"\n    description = \"Convert Data objects into Messages using any {field_name} from input data.\"\n    icon = \"message-square\"\n    name = \"ParseData\"\n\n    inputs = [\n        DataInput(name=\"data\", display_name=\"Data\", info=\"The data to convert to text.\", is_list=True, required=True),\n        MultilineInput(\n            name=\"template\",\n            display_name=\"Template\",\n            info=\"The template to use for formatting the data. \"\n            \"It can contain the keys {text}, {data} or any other key in the Data.\",\n            value=\"{text}\",\n            required=True,\n        ),\n        StrInput(name=\"sep\", display_name=\"Separator\", advanced=True, value=\"\\n\"),\n    ]\n\n    outputs = [\n        Output(\n            display_name=\"Message\",\n            name=\"text\",\n            info=\"Data as a single Message, with each input Data separated by Separator\",\n            method=\"parse_data\",\n        ),\n        Output(\n            display_name=\"Data List\",\n            name=\"data_list\",\n            info=\"Data as a list of new Data, each having `text` formatted by Template\",\n            method=\"parse_data_as_list\",\n        ),\n    ]\n\n    def _clean_args(self) -> tuple[list[Data], str, str]:\n        data = self.data if isinstance(self.data, list) else [self.data]\n        template = self.template\n        sep = self.sep\n        return data, template, sep\n\n    def parse_data(self) -> Message:\n        data, template, sep = self._clean_args()\n        result_string = data_to_text(template, data, sep)\n        self.status = result_string\n        return Message(text=result_string)\n\n    def parse_data_as_list(self) -> list[Data]:\n        data, template, _ = self._clean_args()\n        text_list, data_list = data_to_text_list(template, data)\n        for item, text in zip(data_list, text_list, strict=True):\n            item.set_text(text)\n        self.status = data_list\n        return data_list\n",
                "fileTypes": [],
                "file_path": "",
                "password": false,
                "name": "code",
                "advanced": true,
                "dynamic": true,
                "info": "",
                "load_from_db": false,
                "title_case": false
              },
              "sep": {
                "tool_mode": false,
                "trace_as_metadata": true,
                "load_from_db": false,
                "list": false,
                "list_add_label": "Add More",
                "required": false,
                "placeholder": "",
                "show": true,
                "name": "sep",
                "value": "\n",
                "display_name": "Separator",
                "advanced": true,
                "dynamic": false,
                "info": "",
                "title_case": false,
                "type": "str",
                "_input_type": "StrInput"
              },
              "template": {
                "tool_mode": false,
                "trace_as_input": true,
                "multiline": true,
                "trace_as_metadata": true,
                "load_from_db": false,
                "list": false,
                "list_add_label": "Add More",
                "required": true,
                "placeholder": "",
                "show": true,
                "name": "template",
                "value": "{molecule}",
                "display_name": "Template",
                "advanced": false,
                "input_types": [
                  "Message"
                ],
                "dynamic": false,
                "info": "The template to use for formatting the data. It can contain the keys {text}, {data} or any other key in the Data.",
                "title_case": false,
                "type": "str",
                "_input_type": "MultilineInput"
              }
            },
            "description": "Convert Data objects into Messages using any {field_name} from input data.",
            "icon": "message-square",
            "base_classes": [
              "Data",
              "Message"
            ],
            "display_name": "Data to Message",
            "documentation": "",
            "minimized": false,
            "custom_fields": {},
            "output_types": [],
            "pinned": false,
            "conditional_paths": [],
            "frozen": false,
            "outputs": [
              {
                "types": [
                  "Message"
                ],
                "selected": "Message",
                "name": "text",
                "display_name": "Message",
                "method": "parse_data",
                "value": "__UNDEFINED__",
                "cache": true,
                "allows_loop": false,
                "tool_mode": true
              },
              {
                "types": [
                  "Data"
                ],
                "selected": "Data",
                "name": "data_list",
                "display_name": "Data List",
                "method": "parse_data_as_list",
                "value": "__UNDEFINED__",
                "cache": true,
                "allows_loop": false,
                "tool_mode": true
              }
            ],
            "field_order": [
              "data",
              "template",
              "sep"
            ],
            "beta": false,
            "legacy": false,
            "edited": false,
            "metadata": {},
            "tool_mode": false,
            "lf_version": "1.1.5"
          },
          "showNode": true,
          "type": "ParseData",
          "id": "ParseData-ukKEX"
        },
        "selected": false,
        "measured": {
          "width": 320,
          "height": 342
        },
        "dragging": false
      },
      {
        "id": "ParseData-LCQOf",
        "type": "genericNode",
        "position": {
          "x": 2010.743843073246,
          "y": 297.9061103766284
        },
        "data": {
          "node": {
            "template": {
              "_type": "Component",
              "data": {
                "tool_mode": false,
                "trace_as_metadata": true,
                "list": true,
                "list_add_label": "Add More",
                "trace_as_input": true,
                "required": true,
                "placeholder": "",
                "show": true,
                "name": "data",
                "value": "",
                "display_name": "Data",
                "advanced": false,
                "input_types": [
                  "Data"
                ],
                "dynamic": false,
                "info": "The data to convert to text.",
                "title_case": false,
                "type": "other",
                "_input_type": "DataInput"
              },
              "code": {
                "type": "code",
                "required": true,
                "placeholder": "",
                "list": false,
                "show": true,
                "multiline": true,
                "value": "from langflow.custom import Component\nfrom langflow.helpers.data import data_to_text, data_to_text_list\nfrom langflow.io import DataInput, MultilineInput, Output, StrInput\nfrom langflow.schema import Data\nfrom langflow.schema.message import Message\n\n\nclass ParseDataComponent(Component):\n    display_name = \"Data to Message\"\n    description = \"Convert Data objects into Messages using any {field_name} from input data.\"\n    icon = \"message-square\"\n    name = \"ParseData\"\n\n    inputs = [\n        DataInput(name=\"data\", display_name=\"Data\", info=\"The data to convert to text.\", is_list=True, required=True),\n        MultilineInput(\n            name=\"template\",\n            display_name=\"Template\",\n            info=\"The template to use for formatting the data. \"\n            \"It can contain the keys {text}, {data} or any other key in the Data.\",\n            value=\"{text}\",\n            required=True,\n        ),\n        StrInput(name=\"sep\", display_name=\"Separator\", advanced=True, value=\"\\n\"),\n    ]\n\n    outputs = [\n        Output(\n            display_name=\"Message\",\n            name=\"text\",\n            info=\"Data as a single Message, with each input Data separated by Separator\",\n            method=\"parse_data\",\n        ),\n        Output(\n            display_name=\"Data List\",\n            name=\"data_list\",\n            info=\"Data as a list of new Data, each having `text` formatted by Template\",\n            method=\"parse_data_as_list\",\n        ),\n    ]\n\n    def _clean_args(self) -> tuple[list[Data], str, str]:\n        data = self.data if isinstance(self.data, list) else [self.data]\n        template = self.template\n        sep = self.sep\n        return data, template, sep\n\n    def parse_data(self) -> Message:\n        data, template, sep = self._clean_args()\n        result_string = data_to_text(template, data, sep)\n        self.status = result_string\n        return Message(text=result_string)\n\n    def parse_data_as_list(self) -> list[Data]:\n        data, template, _ = self._clean_args()\n        text_list, data_list = data_to_text_list(template, data)\n        for item, text in zip(data_list, text_list, strict=True):\n            item.set_text(text)\n        self.status = data_list\n        return data_list\n",
                "fileTypes": [],
                "file_path": "",
                "password": false,
                "name": "code",
                "advanced": true,
                "dynamic": true,
                "info": "",
                "load_from_db": false,
                "title_case": false
              },
              "sep": {
                "tool_mode": false,
                "trace_as_metadata": true,
                "load_from_db": false,
                "list": false,
                "list_add_label": "Add More",
                "required": false,
                "placeholder": "",
                "show": true,
                "name": "sep",
                "value": "\n",
                "display_name": "Separator",
                "advanced": true,
                "dynamic": false,
                "info": "",
                "title_case": false,
                "type": "str",
                "_input_type": "StrInput"
              },
              "template": {
                "tool_mode": false,
                "trace_as_input": true,
                "multiline": true,
                "trace_as_metadata": true,
                "load_from_db": false,
                "list": false,
                "list_add_label": "Add More",
                "required": true,
                "placeholder": "",
                "show": true,
                "name": "template",
                "value": "{image}",
                "display_name": "Template",
                "advanced": false,
                "input_types": [
                  "Message"
                ],
                "dynamic": false,
                "info": "The template to use for formatting the data. It can contain the keys {text}, {data} or any other key in the Data.",
                "title_case": false,
                "type": "str",
                "_input_type": "MultilineInput"
              }
            },
            "description": "Convert Data objects into Messages using any {field_name} from input data.",
            "icon": "message-square",
            "base_classes": [
              "Data",
              "Message"
            ],
            "display_name": "Data to Message",
            "documentation": "",
            "minimized": false,
            "custom_fields": {},
            "output_types": [],
            "pinned": false,
            "conditional_paths": [],
            "frozen": false,
            "outputs": [
              {
                "types": [
                  "Message"
                ],
                "selected": "Message",
                "name": "text",
                "display_name": "Message",
                "method": "parse_data",
                "value": "__UNDEFINED__",
                "cache": true,
                "allows_loop": false,
                "tool_mode": true
              },
              {
                "types": [
                  "Data"
                ],
                "selected": "Data",
                "name": "data_list",
                "display_name": "Data List",
                "method": "parse_data_as_list",
                "value": "__UNDEFINED__",
                "cache": true,
                "allows_loop": false,
                "tool_mode": true
              }
            ],
            "field_order": [
              "data",
              "template",
              "sep"
            ],
            "beta": false,
            "legacy": false,
            "edited": false,
            "metadata": {},
            "tool_mode": false
          },
          "showNode": true,
          "type": "ParseData",
          "id": "ParseData-LCQOf"
        },
        "selected": false,
        "measured": {
          "width": 320,
          "height": 342
        },
        "dragging": false
      },
      {
        "id": "Image output-DMHBZ",
        "type": "genericNode",
        "position": {
          "x": 2460.6713927155897,
          "y": 304.29712670677543
        },
        "data": {
          "node": {
            "template": {
              "_type": "Component",
              "input_value": {
                "tool_mode": false,
                "trace_as_input": true,
                "trace_as_metadata": true,
                "load_from_db": false,
                "list": false,
                "list_add_label": "Add More",
                "required": false,
                "placeholder": "",
                "show": true,
                "name": "input_value",
                "value": "",
                "display_name": "Text",
                "advanced": false,
                "input_types": [
                  "Message"
                ],
                "dynamic": false,
                "info": "Text to be passed as output.",
                "title_case": false,
                "type": "image",
                "_input_type": "ImageTextInput"
              },
              "code": {
                "type": "code",
                "required": true,
                "placeholder": "",
                "list": false,
                "show": true,
                "multiline": true,
                "value": "from langflow.custom import Component\nfrom langflow.io import Output, ImageTextInput\nfrom langflow.schema.message import Message\n\n\nclass ImageOutputComponent(Component):\n    display_name = \"Image Output\"\n    description = \"Display a image output in the Playground.\"\n    icon = \"type\"\n    name = \"Image output\"\n\n    inputs = [\n        ImageTextInput(\n            name=\"input_value\",\n            display_name=\"Text\",\n            info=\"Text to be passed as output.\",\n        ),\n    ]\n    outputs = [\n        Output(display_name=\"Message\", name=\"text\", method=\"text_response\"),\n    ]\n    def text_response(self) -> Message:\n        #\n        message = Message(\n            text=self.input_value,\n        )\n        self.status = self.input_value\n        return message\n",
                "fileTypes": [],
                "file_path": "",
                "password": false,
                "name": "code",
                "advanced": true,
                "dynamic": true,
                "info": "",
                "load_from_db": false,
                "title_case": false
              }
            },
            "description": "Display a image output in the Playground.",
            "icon": "type",
            "base_classes": [
              "Message"
            ],
            "display_name": "Image Output",
            "documentation": "",
            "minimized": false,
            "custom_fields": {},
            "output_types": [],
            "pinned": false,
            "conditional_paths": [],
            "frozen": false,
            "outputs": [
              {
                "types": [
                  "Message"
                ],
                "selected": "Message",
                "name": "text",
                "display_name": "Message",
                "method": "text_response",
                "value": "__UNDEFINED__",
                "cache": true,
                "allows_loop": false,
                "tool_mode": true
              }
            ],
            "field_order": [
              "input_value"
            ],
            "beta": false,
            "legacy": false,
            "edited": false,
            "metadata": {},
            "tool_mode": false
          },
          "showNode": true,
          "type": "Image output",
          "id": "Image output-DMHBZ"
        },
        "selected": false,
        "measured": {
          "width": 320,
          "height": 378
        },
        "dragging": false
      }
    ],
    "edges": [
      {
        "source": "PUBCHEMID_SEARCH-Jr3CF",
        "sourceHandle": "{œdataTypeœ:œPUBCHEMID_SEARCHœ,œidœ:œPUBCHEMID_SEARCH-Jr3CFœ,œnameœ:œdataœ,œoutput_typesœ:[œDataœ]}",
        "target": "ParseData-rdGb1",
        "targetHandle": "{œfieldNameœ:œdataœ,œidœ:œParseData-rdGb1œ,œinputTypesœ:[œDataœ],œtypeœ:œotherœ}",
        "data": {
          "targetHandle": {
            "fieldName": "data",
            "id": "ParseData-rdGb1",
            "inputTypes": [
              "Data"
            ],
            "type": "other"
          },
          "sourceHandle": {
            "dataType": "PUBCHEMID_SEARCH",
            "id": "PUBCHEMID_SEARCH-Jr3CF",
            "name": "data",
            "output_types": [
              "Data"
            ]
          }
        },
        "id": "xy-edge__PUBCHEMID_SEARCH-Jr3CF{œdataTypeœ:œPUBCHEMID_SEARCHœ,œidœ:œPUBCHEMID_SEARCH-Jr3CFœ,œnameœ:œdataœ,œoutput_typesœ:[œDataœ]}-ParseData-rdGb1{œfieldNameœ:œdataœ,œidœ:œParseData-rdGb1œ,œinputTypesœ:[œDataœ],œtypeœ:œotherœ}",
        "animated": false,
        "className": ""
      },
      {
        "source": "ParseData-rdGb1",
        "sourceHandle": "{œdataTypeœ:œParseDataœ,œidœ:œParseData-rdGb1œ,œnameœ:œtextœ,œoutput_typesœ:[œMessageœ]}",
        "target": "MOLECULE_STRUCTURE_REQUEST-bsJjL",
        "targetHandle": "{œfieldNameœ:œmoleculeœ,œidœ:œMOLECULE_STRUCTURE_REQUEST-bsJjLœ,œinputTypesœ:[œMessageœ],œtypeœ:œstrœ}",
        "data": {
          "targetHandle": {
            "fieldName": "molecule",
            "id": "MOLECULE_STRUCTURE_REQUEST-bsJjL",
            "inputTypes": [
              "Message"
            ],
            "type": "str"
          },
          "sourceHandle": {
            "dataType": "ParseData",
            "id": "ParseData-rdGb1",
            "name": "text",
            "output_types": [
              "Message"
            ]
          }
        },
        "id": "xy-edge__ParseData-rdGb1{œdataTypeœ:œParseDataœ,œidœ:œParseData-rdGb1œ,œnameœ:œtextœ,œoutput_typesœ:[œMessageœ]}-MOLECULE_STRUCTURE_REQUEST-bsJjL{œfieldNameœ:œmoleculeœ,œidœ:œMOLECULE_STRUCTURE_REQUEST-bsJjLœ,œinputTypesœ:[œMessageœ],œtypeœ:œstrœ}",
        "animated": false,
        "className": ""
      },
      {
        "source": "MOLECULE_STRUCTURE_REQUEST-bsJjL",
        "sourceHandle": "{œdataTypeœ:œMOLECULE_STRUCTURE_REQUESTœ,œidœ:œMOLECULE_STRUCTURE_REQUEST-bsJjLœ,œnameœ:œresponseœ,œoutput_typesœ:[œDataœ]}",
        "target": "ParseData-ukKEX",
        "targetHandle": "{œfieldNameœ:œdataœ,œidœ:œParseData-ukKEXœ,œinputTypesœ:[œDataœ],œtypeœ:œotherœ}",
        "data": {
          "targetHandle": {
            "fieldName": "data",
            "id": "ParseData-ukKEX",
            "inputTypes": [
              "Data"
            ],
            "type": "other"
          },
          "sourceHandle": {
            "dataType": "MOLECULE_STRUCTURE_REQUEST",
            "id": "MOLECULE_STRUCTURE_REQUEST-bsJjL",
            "name": "response",
            "output_types": [
              "Data"
            ]
          }
        },
        "id": "xy-edge__MOLECULE_STRUCTURE_REQUEST-bsJjL{œdataTypeœ:œMOLECULE_STRUCTURE_REQUESTœ,œidœ:œMOLECULE_STRUCTURE_REQUEST-bsJjLœ,œnameœ:œresponseœ,œoutput_typesœ:[œDataœ]}-ParseData-ukKEX{œfieldNameœ:œdataœ,œidœ:œParseData-ukKEXœ,œinputTypesœ:[œDataœ],œtypeœ:œotherœ}",
        "animated": false,
        "className": ""
      },
      {
        "source": "VISUALIZE_MOLECULE-VXRvz",
        "sourceHandle": "{œdataTypeœ:œVISUALIZE_MOLECULEœ,œidœ:œVISUALIZE_MOLECULE-VXRvzœ,œnameœ:œdataœ,œoutput_typesœ:[œDataœ]}",
        "target": "ParseData-LCQOf",
        "targetHandle": "{œfieldNameœ:œdataœ,œidœ:œParseData-LCQOfœ,œinputTypesœ:[œDataœ],œtypeœ:œotherœ}",
        "data": {
          "targetHandle": {
            "fieldName": "data",
            "id": "ParseData-LCQOf",
            "inputTypes": [
              "Data"
            ],
            "type": "other"
          },
          "sourceHandle": {
            "dataType": "VISUALIZE_MOLECULE",
            "id": "VISUALIZE_MOLECULE-VXRvz",
            "name": "data",
            "output_types": [
              "Data"
            ]
          }
        },
        "id": "xy-edge__VISUALIZE_MOLECULE-VXRvz{œdataTypeœ:œVISUALIZE_MOLECULEœ,œidœ:œVISUALIZE_MOLECULE-VXRvzœ,œnameœ:œdataœ,œoutput_typesœ:[œDataœ]}-ParseData-LCQOf{œfieldNameœ:œdataœ,œidœ:œParseData-LCQOfœ,œinputTypesœ:[œDataœ],œtypeœ:œotherœ}",
        "animated": false,
        "className": "",
        "selected": false
      },
      {
        "source": "ParseData-LCQOf",
        "sourceHandle": "{œdataTypeœ:œParseDataœ,œidœ:œParseData-LCQOfœ,œnameœ:œtextœ,œoutput_typesœ:[œMessageœ]}",
        "target": "Image output-DMHBZ",
        "targetHandle": "{œfieldNameœ:œinput_valueœ,œidœ:œImage output-DMHBZœ,œinputTypesœ:[œMessageœ],œtypeœ:œimageœ}",
        "data": {
          "targetHandle": {
            "fieldName": "input_value",
            "id": "Image output-DMHBZ",
            "inputTypes": [
              "Message"
            ],
            "type": "image"
          },
          "sourceHandle": {
            "dataType": "ParseData",
            "id": "ParseData-LCQOf",
            "name": "text",
            "output_types": [
              "Message"
            ]
          }
        },
        "id": "xy-edge__ParseData-LCQOf{œdataTypeœ:œParseDataœ,œidœ:œParseData-LCQOfœ,œnameœ:œtextœ,œoutput_typesœ:[œMessageœ]}-Image output-DMHBZ{œfieldNameœ:œinput_valueœ,œidœ:œImage output-DMHBZœ,œinputTypesœ:[œMessageœ],œtypeœ:œimageœ}",
        "animated": false,
        "className": ""
      },
      {
        "source": "ParseData-ukKEX",
        "sourceHandle": "{œdataTypeœ:œParseDataœ,œidœ:œParseData-ukKEXœ,œnameœ:œtextœ,œoutput_typesœ:[œMessageœ]}",
        "target": "VISUALIZE_MOLECULE-VXRvz",
        "targetHandle": "{œfieldNameœ:œmoleculeœ,œidœ:œVISUALIZE_MOLECULE-VXRvzœ,œinputTypesœ:[œMessageœ],œtypeœ:œstrœ}",
        "data": {
          "targetHandle": {
            "fieldName": "molecule",
            "id": "VISUALIZE_MOLECULE-VXRvz",
            "inputTypes": [
              "Message"
            ],
            "type": "str"
          },
          "sourceHandle": {
            "dataType": "ParseData",
            "id": "ParseData-ukKEX",
            "name": "text",
            "output_types": [
              "Message"
            ]
          }
        },
        "id": "xy-edge__ParseData-ukKEX{œdataTypeœ:œParseDataœ,œidœ:œParseData-ukKEXœ,œnameœ:œtextœ,œoutput_typesœ:[œMessageœ]}-VISUALIZE_MOLECULE-VXRvz{œfieldNameœ:œmoleculeœ,œidœ:œVISUALIZE_MOLECULE-VXRvzœ,œinputTypesœ:[œMessageœ],œtypeœ:œstrœ}",
        "animated": false,
        "className": ""
      }
    ],
    "viewport": {
      "x": 161.24479209814785,
      "y": 229.96499974358696,
      "zoom": 0.4061076920136741
    }
  },
  "updated_at": "2025-03-07T11:18:49+00:00"
}