{
  "webhook": false,
  "icon": null,
  "name": "Protein Folding and Visualization",
  "description": "Predict the 3D structure of a protein and visualize it.",
  "icon_bg_color": null,
  "endpoint_name": null,
  "user_id": "8c6bf5c6-4683-4421-8493-cb4f723c3047",
  "id": "baa88870-5b90-4fbc-86b5-86e0f17c2f23",
  "tags": null,
  "gradient": null,
  "locked": false,
  "folder_id": "8c2ad783-4168-4637-acea-6a706be30e0f",
  "is_component": false,
  "data": {
    "nodes": [
      {
        "id": "PROTEIN_UNIPROT_REQUEST-moPQh",
        "type": "genericNode",
        "position": {
          "x": 238.89270796777322,
          "y": 153
        },
        "data": {
          "node": {
            "template": {
              "_type": "Component",
              "api_key": {
                "load_from_db": false,
                "required": false,
                "placeholder": "",
                "show": true,
                "name": "api_key",
                "value": "",
                "display_name": "API Key",
                "advanced": true,
                "input_types": [
                  "Message"
                ],
                "dynamic": false,
                "info": "",
                "title_case": false,
                "password": true,
                "type": "str",
                "_input_type": "SecretStrInput"
              },
              "auth_type": {
                "tool_mode": false,
                "trace_as_metadata": true,
                "options": [
                  "None",
                  "Basic",
                  "Bearer"
                ],
                "options_metadata": [],
                "combobox": false,
                "dialog_inputs": {},
                "required": false,
                "placeholder": "",
                "show": true,
                "name": "auth_type",
                "value": "None",
                "display_name": "Authentication Type",
                "advanced": true,
                "dynamic": false,
                "info": "Choose the type of authentication for the request.",
                "title_case": false,
                "type": "str",
                "_input_type": "DropdownInput"
              },
              "body": {
                "tool_mode": false,
                "trace_as_input": true,
                "trace_as_metadata": true,
                "list": false,
                "list_add_label": "Add More",
                "required": false,
                "placeholder": "",
                "show": true,
                "name": "body",
                "value": {},
                "display_name": "Body Parameters",
                "advanced": false,
                "input_types": [
                  "Data"
                ],
                "dynamic": false,
                "info": "Body parameters for POST, PUT, PATCH requests.",
                "title_case": false,
                "type": "NestedDict",
                "_input_type": "NestedDictInput"
              },
              "code": {
                "type": "code",
                "required": true,
                "placeholder": "",
                "list": false,
                "show": true,
                "multiline": true,
                "value": "import copy\nimport json\nimport logging\nfrom typing import Any, Dict, List, Optional\nfrom urllib.parse import parse_qsl, urlencode, urlparse, urlunparse\n\nimport requests\nfrom loguru import logger\nfrom langflow.custom import Component\nfrom langflow.io import DataInput, DropdownInput, IntInput, MessageTextInput, MultilineInput, NestedDictInput, Output, \\\n    SecretStrInput, StrInput\nfrom langflow.schema import Data\n\nBodyTemplate = {\n  \"task\": \"protein_uniprot_request\",\n  \"query\": \"\"\n}\n\nTEXT_INPUTS_KEYS = [\"query\"]\n\nSKIPPED_KEYS = [\"task\"]\n\n\nclass PHARMOLIX_PROTEIN_UNIPROT_REQUEST(Component):\n    display_name = \"PROTEIN_UNIPROT_REQUEST\"\n    description = (\n        \"\"\"\n        工具名称：蛋白质序列检索（UniProt）\n        功能描述：给定蛋白质的UniProt ID，检索UniProt数据库并得到该蛋白质序列。备注：1. 如果检索结果不存在，可能导致工具运行失败报错。2. 检索结果仅包含氨基酸序列，如果需要蛋白质结构请使用蛋白质折叠工具，或找到对应的pdb ID并使用蛋白质结构检索工具\n        工具输入：\n        - query：蛋白质的UniProt ID\n        工具输出：\n        - protein: 检索到的蛋白质，为一个服务器端的文件路径，可以传递到其他工具中作为输入\n        - protein_preview：蛋白质的氨基酸序列\n        \"\"\"\n    )\n    icon = \"Globe\"\n    name = \"PROTEIN_UNIPROT_REQUEST\"\n    custom_inputs = [MessageTextInput(\n        name=key,\n        display_name=key,\n        info=key,\n        value=\"\"\n    ) for key in TEXT_INPUTS_KEYS]\n    inputs = custom_inputs + [\n        IntInput(\n            name=\"timeout\",\n            display_name=\"Timeout (seconds)\",\n            value=500,\n            info=\"Specify the timeout duration for the request.\",\n            advanced=True\n        ),\n        SecretStrInput(\n            name=\"api_key\",\n            display_name=\"API Key\",\n            value=\"None\",\n            advanced=True,\n        ),\n        DropdownInput(\n            name=\"auth_type\",\n            display_name=\"Authentication Type\",\n            options=[\"None\", \"Basic\", \"Bearer\"],\n            value=\"None\",\n            advanced=True,\n            info=\"Choose the type of authentication for the request.\",\n        ),\n        NestedDictInput(\n            name=\"headers\",\n            display_name=\"Custom Headers\",\n            info=\"Headers to include with the request.\",\n            input_types=[\"Data\"],\n            advanced=True,\n        ),\n        NestedDictInput(\n            name=\"body\",\n            display_name=\"Body Parameters\",\n            info=\"Body parameters for POST, PUT, PATCH requests.\",\n            input_types=[\"Data\"],\n            advanced=False,\n        ),\n        NestedDictInput(\n            name=\"extra_inputs\",\n            display_name=\"额外输入\",\n            info=\" 目前支持[model, molecule]\",\n            input_types=[\"Data\"],\n            advanced=False,\n        ),\n        NestedDictInput(\n            name=\"query_params\",\n            display_name=\"Query Parameters\",\n            info=\"Query parameters to append to the URL.\",\n            input_types=[\"Data\"],\n            advanced=True,\n        )\n    ]\n\n    outputs = [\n        Output(display_name=\"Response Data\", name=\"response\", method=\"make_requests\"),\n    ]\n\n    def make_request(\n            self,\n            method: str,\n            url: str,\n            headers: Optional[dict] = None,\n            body: Optional[dict] = None,\n            timeout: int = 5,\n            auth: Optional[Any] = None,  # Adding auth parameter\n    ) -> Data:\n        method = method.upper()\n        if method not in [\"GET\", \"POST\", \"PATCH\", \"PUT\", \"DELETE\"]:\n            raise ValueError(f\"Unsupported method: {method}\")\n\n        try:\n            response = requests.request(\n                method, url, headers=headers, json=body, timeout=timeout, auth=auth\n            )\n            try:\n                result = response.json()\n            except json.JSONDecodeError:\n                result = response.text\n            return Data(\n                data=result,\n            )\n        except requests.exceptions.Timeout:\n            return Data(\n                data={\n                    \"source\": url,\n                    \"headers\": headers,\n                    \"status_code\": 408,\n                    \"error\": \"Request timed out\",\n                },\n            )\n        except requests.exceptions.RequestException as exc:\n            return Data(\n                data={\n                    \"source\": url,\n                    \"headers\": headers,\n                    \"status_code\": 500,\n                    \"error\": str(exc),\n                },\n            )\n\n    def add_query_params(self, url: str, params: dict) -> str:\n        url_parts = list(urlparse(url))\n        query = dict(parse_qsl(url_parts[4]))\n        query.update(params)\n        url_parts[4] = urlencode(query)\n        return urlunparse(url_parts)\n\n    def fill_body(self, body: dict, input_body: dict) -> dict:\n        for key in body:\n            if key in SKIPPED_KEYS:\n                continue\n            if isinstance(body[key], dict):\n                body[key] = self.fill_body(body[key], input_body)\n            else:\n                body[key] = getattr(self, key, None) or input_body.get(key)\n                logger.warning(\"key\", getattr(self, key, None))\n        # update keys in\n        logging.warning(str(body))\n        return body\n\n    def make_requests(self) -> Data:\n        method = \"POST\"\n        url = \"http://101.126.41.66:32517/web_search/\"\n        headers = self.headers.data if isinstance(self.headers, Data) else self.headers or {}\n        input_body = self.body.data if isinstance(self.body, Data) else self.body or {}\n        input_extra = self.extra_inputs.data if isinstance(self.extra_inputs, Data) else self.extra_inputs or {}\n        input_body.update(input_extra)\n        body = copy.deepcopy(BodyTemplate)\n        body = self.fill_body(body, input_body)\n        timeout = self.timeout or 5\n        query_params = self.query_params.data if isinstance(self.query_params, Data) else {}\n\n        auth = None\n        # Handling Authentication\n        if self.auth_type == \"Bearer\" and self.api_key:\n            headers[\"Authorization\"] = f\"Bearer {self.api_key}\"\n        elif self.auth_type == \"Basic\" and self.username and self.password:\n            from requests.auth import HTTPBasicAuth\n            auth = HTTPBasicAuth(self.username, self.password)\n        else:\n            auth = None\n\n        url = self.add_query_params(url, query_params)\n\n        if not url:\n            logger.warning(\"No URLs provided; returning empty result set.\")\n            return Data(\n                data={\n                    \"source\": url,\n                    \"headers\": headers,\n                    \"status_code\": 404,\n                    \"error\": \"Url not provided\",\n                },\n            )\n\n        self.status = self.make_request(method, url, headers, body, timeout, auth=auth)\n        return self.status\n",
                "fileTypes": [],
                "file_path": "",
                "password": false,
                "name": "code",
                "advanced": true,
                "dynamic": true,
                "info": "",
                "load_from_db": false,
                "title_case": false
              },
              "extra_inputs": {
                "tool_mode": false,
                "trace_as_input": true,
                "trace_as_metadata": true,
                "list": false,
                "list_add_label": "Add More",
                "required": false,
                "placeholder": "",
                "show": true,
                "name": "extra_inputs",
                "value": {},
                "display_name": "额外输入",
                "advanced": false,
                "input_types": [
                  "Data"
                ],
                "dynamic": false,
                "info": " 目前支持[model, molecule]",
                "title_case": false,
                "type": "NestedDict",
                "_input_type": "NestedDictInput"
              },
              "headers": {
                "tool_mode": false,
                "trace_as_input": true,
                "trace_as_metadata": true,
                "list": false,
                "list_add_label": "Add More",
                "required": false,
                "placeholder": "",
                "show": true,
                "name": "headers",
                "value": {},
                "display_name": "Custom Headers",
                "advanced": true,
                "input_types": [
                  "Data"
                ],
                "dynamic": false,
                "info": "Headers to include with the request.",
                "title_case": false,
                "type": "NestedDict",
                "_input_type": "NestedDictInput"
              },
              "query": {
                "tool_mode": false,
                "trace_as_input": true,
                "trace_as_metadata": true,
                "load_from_db": false,
                "list": false,
                "list_add_label": "Add More",
                "required": false,
                "placeholder": "",
                "show": true,
                "name": "query",
                "value": "P01116",
                "display_name": "query",
                "advanced": false,
                "input_types": [
                  "Message"
                ],
                "dynamic": false,
                "info": "query",
                "title_case": false,
                "type": "str",
                "_input_type": "MessageTextInput"
              },
              "query_params": {
                "tool_mode": false,
                "trace_as_input": true,
                "trace_as_metadata": true,
                "list": false,
                "list_add_label": "Add More",
                "required": false,
                "placeholder": "",
                "show": true,
                "name": "query_params",
                "value": {},
                "display_name": "Query Parameters",
                "advanced": true,
                "input_types": [
                  "Data"
                ],
                "dynamic": false,
                "info": "Query parameters to append to the URL.",
                "title_case": false,
                "type": "NestedDict",
                "_input_type": "NestedDictInput"
              },
              "timeout": {
                "tool_mode": false,
                "trace_as_metadata": true,
                "list": false,
                "list_add_label": "Add More",
                "required": false,
                "placeholder": "",
                "show": true,
                "name": "timeout",
                "value": 500,
                "display_name": "Timeout (seconds)",
                "advanced": true,
                "dynamic": false,
                "info": "Specify the timeout duration for the request.",
                "title_case": false,
                "type": "int",
                "_input_type": "IntInput"
              }
            },
            "description": "\n        工具名称：蛋白质序列检索（UniProt）\n        功能描述：给定蛋白质的UniProt ID，检索UniProt数据库并得到该蛋白质序列。备注：1. 如果检索结果不存在，可能导致工具运行失败报错。2. 检索结果仅包含氨基酸序列，如果需要蛋白质结构请使用蛋白质折叠工具，或找到对应的pdb ID并使用蛋白质结构检索工具\n        工具输入：\n        - query：蛋白质的UniProt ID\n        工具输出：\n        - protein: 检索到的蛋白质，为一个服务器端的文件路径，可以传递到其他工具中作为输入\n        - protein_preview：蛋白质的氨基酸序列\n        ",
            "icon": "Globe",
            "base_classes": [
              "Data"
            ],
            "display_name": "PROTEIN_UNIPROT_REQUEST",
            "documentation": "",
            "minimized": false,
            "custom_fields": {},
            "output_types": [],
            "pinned": false,
            "conditional_paths": [],
            "frozen": false,
            "outputs": [
              {
                "types": [
                  "Data"
                ],
                "selected": "Data",
                "name": "response",
                "display_name": "Response Data",
                "method": "make_requests",
                "value": "__UNDEFINED__",
                "cache": true,
                "allows_loop": false,
                "tool_mode": true
              }
            ],
            "field_order": [
              "query",
              "timeout",
              "api_key",
              "auth_type",
              "headers",
              "body",
              "extra_inputs",
              "query_params"
            ],
            "beta": false,
            "legacy": false,
            "edited": false,
            "metadata": {},
            "tool_mode": false,
            "lf_version": "1.1.5"
          },
          "showNode": true,
          "type": "PROTEIN_UNIPROT_REQUEST",
          "id": "PROTEIN_UNIPROT_REQUEST-moPQh"
        },
        "selected": false,
        "measured": {
          "width": 320,
          "height": 663
        },
        "dragging": false
      },
      {
        "id": "ParseData-D94Nz",
        "type": "genericNode",
        "position": {
          "x": 651.2375229348139,
          "y": 321.0753389680173
        },
        "data": {
          "node": {
            "template": {
              "_type": "Component",
              "data": {
                "tool_mode": false,
                "trace_as_metadata": true,
                "list": true,
                "list_add_label": "Add More",
                "trace_as_input": true,
                "required": true,
                "placeholder": "",
                "show": true,
                "name": "data",
                "value": "",
                "display_name": "Data",
                "advanced": false,
                "input_types": [
                  "Data"
                ],
                "dynamic": false,
                "info": "The data to convert to text.",
                "title_case": false,
                "type": "other",
                "_input_type": "DataInput"
              },
              "code": {
                "type": "code",
                "required": true,
                "placeholder": "",
                "list": false,
                "show": true,
                "multiline": true,
                "value": "from langflow.custom import Component\nfrom langflow.helpers.data import data_to_text, data_to_text_list\nfrom langflow.io import DataInput, MultilineInput, Output, StrInput\nfrom langflow.schema import Data\nfrom langflow.schema.message import Message\n\n\nclass ParseDataComponent(Component):\n    display_name = \"Data to Message\"\n    description = \"Convert Data objects into Messages using any {field_name} from input data.\"\n    icon = \"message-square\"\n    name = \"ParseData\"\n\n    inputs = [\n        DataInput(name=\"data\", display_name=\"Data\", info=\"The data to convert to text.\", is_list=True, required=True),\n        MultilineInput(\n            name=\"template\",\n            display_name=\"Template\",\n            info=\"The template to use for formatting the data. \"\n            \"It can contain the keys {text}, {data} or any other key in the Data.\",\n            value=\"{text}\",\n            required=True,\n        ),\n        StrInput(name=\"sep\", display_name=\"Separator\", advanced=True, value=\"\\n\"),\n    ]\n\n    outputs = [\n        Output(\n            display_name=\"Message\",\n            name=\"text\",\n            info=\"Data as a single Message, with each input Data separated by Separator\",\n            method=\"parse_data\",\n        ),\n        Output(\n            display_name=\"Data List\",\n            name=\"data_list\",\n            info=\"Data as a list of new Data, each having `text` formatted by Template\",\n            method=\"parse_data_as_list\",\n        ),\n    ]\n\n    def _clean_args(self) -> tuple[list[Data], str, str]:\n        data = self.data if isinstance(self.data, list) else [self.data]\n        template = self.template\n        sep = self.sep\n        return data, template, sep\n\n    def parse_data(self) -> Message:\n        data, template, sep = self._clean_args()\n        result_string = data_to_text(template, data, sep)\n        self.status = result_string\n        return Message(text=result_string)\n\n    def parse_data_as_list(self) -> list[Data]:\n        data, template, _ = self._clean_args()\n        text_list, data_list = data_to_text_list(template, data)\n        for item, text in zip(data_list, text_list, strict=True):\n            item.set_text(text)\n        self.status = data_list\n        return data_list\n",
                "fileTypes": [],
                "file_path": "",
                "password": false,
                "name": "code",
                "advanced": true,
                "dynamic": true,
                "info": "",
                "load_from_db": false,
                "title_case": false
              },
              "sep": {
                "tool_mode": false,
                "trace_as_metadata": true,
                "load_from_db": false,
                "list": false,
                "list_add_label": "Add More",
                "required": false,
                "placeholder": "",
                "show": true,
                "name": "sep",
                "value": "\n",
                "display_name": "Separator",
                "advanced": true,
                "dynamic": false,
                "info": "",
                "title_case": false,
                "type": "str",
                "_input_type": "StrInput"
              },
              "template": {
                "tool_mode": false,
                "trace_as_input": true,
                "multiline": true,
                "trace_as_metadata": true,
                "load_from_db": false,
                "list": false,
                "list_add_label": "Add More",
                "required": true,
                "placeholder": "",
                "show": true,
                "name": "template",
                "value": "{text}",
                "display_name": "Template",
                "advanced": false,
                "input_types": [
                  "Message"
                ],
                "dynamic": false,
                "info": "The template to use for formatting the data. It can contain the keys {text}, {data} or any other key in the Data.",
                "title_case": false,
                "type": "str",
                "_input_type": "MultilineInput"
              }
            },
            "description": "Convert Data objects into Messages using any {field_name} from input data.",
            "icon": "message-square",
            "base_classes": [
              "Data",
              "Message"
            ],
            "display_name": "Data to Message",
            "documentation": "",
            "minimized": false,
            "custom_fields": {},
            "output_types": [],
            "pinned": false,
            "conditional_paths": [],
            "frozen": false,
            "outputs": [
              {
                "types": [
                  "Message"
                ],
                "selected": "Message",
                "name": "text",
                "display_name": "Message",
                "method": "parse_data",
                "value": "__UNDEFINED__",
                "cache": true,
                "allows_loop": false,
                "tool_mode": true
              },
              {
                "types": [
                  "Data"
                ],
                "selected": "Data",
                "name": "data_list",
                "display_name": "Data List",
                "method": "parse_data_as_list",
                "value": "__UNDEFINED__",
                "cache": true,
                "allows_loop": false,
                "tool_mode": true
              }
            ],
            "field_order": [
              "data",
              "template",
              "sep"
            ],
            "beta": false,
            "legacy": false,
            "edited": false,
            "metadata": {},
            "tool_mode": false,
            "lf_version": "1.1.5"
          },
          "showNode": true,
          "type": "ParseData",
          "id": "ParseData-D94Nz"
        },
        "selected": false,
        "measured": {
          "width": 320,
          "height": 342
        },
        "dragging": false
      },
      {
        "id": "PROTEIN_FOLDING-iAfOO",
        "type": "genericNode",
        "position": {
          "x": 1160.143113865489,
          "y": 175.8637563624298
        },
        "data": {
          "node": {
            "template": {
              "_type": "Component",
              "api_key": {
                "load_from_db": false,
                "required": false,
                "placeholder": "",
                "show": true,
                "name": "api_key",
                "value": "",
                "display_name": "API Key",
                "advanced": true,
                "input_types": [
                  "Message"
                ],
                "dynamic": false,
                "info": "",
                "title_case": false,
                "password": true,
                "type": "str",
                "_input_type": "SecretStrInput"
              },
              "auth_type": {
                "tool_mode": false,
                "trace_as_metadata": true,
                "options": [
                  "None",
                  "Basic",
                  "Bearer"
                ],
                "options_metadata": [],
                "combobox": false,
                "dialog_inputs": {},
                "required": false,
                "placeholder": "",
                "show": true,
                "name": "auth_type",
                "value": "None",
                "display_name": "Authentication Type",
                "advanced": true,
                "dynamic": false,
                "info": "Choose the type of authentication for the request.",
                "title_case": false,
                "type": "str",
                "_input_type": "DropdownInput"
              },
              "body": {
                "tool_mode": false,
                "trace_as_input": true,
                "trace_as_metadata": true,
                "list": false,
                "list_add_label": "Add More",
                "required": false,
                "placeholder": "",
                "show": true,
                "name": "body",
                "value": {},
                "display_name": "Body Parameters",
                "advanced": false,
                "input_types": [
                  "Data"
                ],
                "dynamic": false,
                "info": "Body parameters for POST, PUT, PATCH requests.",
                "title_case": false,
                "type": "NestedDict",
                "_input_type": "NestedDictInput"
              },
              "code": {
                "type": "code",
                "required": true,
                "placeholder": "",
                "list": false,
                "show": true,
                "multiline": true,
                "value": "import copy\nimport json\nimport logging\nfrom typing import Any, Dict, List, Optional\nfrom urllib.parse import parse_qsl, urlencode, urlparse, urlunparse\n\nimport requests\nfrom loguru import logger\nfrom langflow.custom import Component\nfrom langflow.io import DataInput, DropdownInput, IntInput, MessageTextInput, MultilineInput, NestedDictInput, Output, \\\n    SecretStrInput, StrInput\nfrom langflow.schema import Data\n\nBodyTemplate = {\n  \"task\": \"protein_folding\",\n  \"model\": \"\",\n  \"protein\": \"\"\n}\n\nTEXT_INPUTS_KEYS = [\"protein\"]\n\nSKIPPED_KEYS = [\"task\"]\n\n\nclass PHARMOLIX_PROTEIN_FOLDING(Component):\n    display_name = \"PROTEIN_FOLDING\"\n    description = (\n        \"\"\"\n     工具名称：蛋白质折叠\n    功能描述：给定一个蛋白质序列，预测其三维结构\n    工具输入：\n    - protein：蛋白质（建议使用氨基酸序列或UniProt检索结果作为输入）\n    工具输出：\n    - protein：包含结构信息的蛋白质，为一个服务器端的文件路径，可以传递到其他工具中作为输入（如结构可视化）\n        \"\"\"\n    )\n    icon = \"Globe\"\n    name = \"PROTEIN_FOLDING\"\n    custom_inputs = [MessageTextInput(\n        name=key,\n        display_name=key,\n        info=key,\n        value=\"\"\n    ) for key in TEXT_INPUTS_KEYS]\n    inputs = custom_inputs + [\n        IntInput(\n            name=\"timeout\",\n            display_name=\"Timeout (seconds)\",\n            value=500,\n            info=\"Specify the timeout duration for the request.\",\n            advanced=True\n        ),\n        SecretStrInput(\n            name=\"api_key\",\n            display_name=\"API Key\",\n            value=\"None\",\n            advanced=True,\n        ),\n        DropdownInput(\n            name=\"auth_type\",\n            display_name=\"Authentication Type\",\n            options=[\"None\", \"Basic\", \"Bearer\"],\n            value=\"None\",\n            advanced=True,\n            info=\"Choose the type of authentication for the request.\",\n        ),\n        NestedDictInput(\n            name=\"headers\",\n            display_name=\"Custom Headers\",\n            info=\"Headers to include with the request.\",\n            input_types=[\"Data\"],\n            advanced=True,\n        ),\n        DropdownInput(\n            name=\"model\",\n            display_name=\"model\",\n            options = [\"esmfold\"],\n            value=\"esmfold\",\n            info=\"Choose the model\"\n        ),\n        NestedDictInput(\n            name=\"body\",\n            display_name=\"Body Parameters\",\n            info=\"Body parameters for POST, PUT, PATCH requests.\",\n            input_types=[\"Data\"],\n            advanced=False,\n        ),\n        NestedDictInput(\n            name=\"extra_inputs\",\n            display_name=\"额外输入\",\n            info=\" 目前支持[model, molecule]\",\n            input_types=[\"Data\"],\n            advanced=False,\n        ),\n        NestedDictInput(\n            name=\"query_params\",\n            display_name=\"Query Parameters\",\n            info=\"Query parameters to append to the URL.\",\n            input_types=[\"Data\"],\n            advanced=True,\n        )\n    ]\n\n    outputs = [\n        Output(display_name=\"Response Data\", name=\"response\", method=\"make_requests\"),\n    ]\n\n    def make_request(\n            self,\n            method: str,\n            url: str,\n            headers: Optional[dict] = None,\n            body: Optional[dict] = None,\n            timeout: int = 5,\n            auth: Optional[Any] = None,  # Adding auth parameter\n    ) -> Data:\n        method = method.upper()\n        if method not in [\"GET\", \"POST\", \"PATCH\", \"PUT\", \"DELETE\"]:\n            raise ValueError(f\"Unsupported method: {method}\")\n\n        try:\n            response = requests.request(\n                method, url, headers=headers, json=body, timeout=timeout, auth=auth\n            )\n            try:\n                result = response.json()\n            except json.JSONDecodeError:\n                result = response.text\n            return Data(\n                data=result,\n            )\n        except requests.exceptions.Timeout:\n            return Data(\n                data={\n                    \"source\": url,\n                    \"headers\": headers,\n                    \"status_code\": 408,\n                    \"error\": \"Request timed out\",\n                },\n            )\n        except requests.exceptions.RequestException as exc:\n            return Data(\n                data={\n                    \"source\": url,\n                    \"headers\": headers,\n                    \"status_code\": 500,\n                    \"error\": str(exc),\n                },\n            )\n\n    def add_query_params(self, url: str, params: dict) -> str:\n        url_parts = list(urlparse(url))\n        query = dict(parse_qsl(url_parts[4]))\n        query.update(params)\n        url_parts[4] = urlencode(query)\n        return urlunparse(url_parts)\n\n    def fill_body(self, body: dict, input_body: dict) -> dict:\n        for key in body:\n            if key in SKIPPED_KEYS:\n                continue\n            if isinstance(body[key], dict):\n                body[key] = self.fill_body(body[key], input_body)\n            else:\n                body[key] = getattr(self, key, None) or input_body.get(key)\n                logger.warning(\"key\", getattr(self, key, None))\n        # update keys in\n        logging.warning(str(body))\n        return body\n\n    def make_requests(self) -> Data:\n        method = \"POST\"\n        url = \"http://101.126.41.66:32517/run_pipeline/\"\n        headers = self.headers.data if isinstance(self.headers, Data) else self.headers or {}\n        input_body = self.body.data if isinstance(self.body, Data) else self.body or {}\n        input_extra = self.extra_inputs.data if isinstance(self.extra_inputs, Data) else self.extra_inputs or {}\n        input_body.update(input_extra)\n        body = copy.deepcopy(BodyTemplate)\n        body = self.fill_body(body, input_body)\n        timeout = self.timeout or 5\n        query_params = self.query_params.data if isinstance(self.query_params, Data) else {}\n\n        auth = None\n        # Handling Authentication\n        if self.auth_type == \"Bearer\" and self.api_key:\n            headers[\"Authorization\"] = f\"Bearer {self.api_key}\"\n        elif self.auth_type == \"Basic\" and self.username and self.password:\n            from requests.auth import HTTPBasicAuth\n            auth = HTTPBasicAuth(self.username, self.password)\n        else:\n            auth = None\n\n        url = self.add_query_params(url, query_params)\n\n        if not url:\n            logger.warning(\"No URLs provided; returning empty result set.\")\n            return Data(\n                data={\n                    \"source\": url,\n                    \"headers\": headers,\n                    \"status_code\": 404,\n                    \"error\": \"Url not provided\",\n                },\n            )\n\n        self.status = self.make_request(method, url, headers, body, timeout, auth=auth)\n        return self.status\n",
                "fileTypes": [],
                "file_path": "",
                "password": false,
                "name": "code",
                "advanced": true,
                "dynamic": true,
                "info": "",
                "load_from_db": false,
                "title_case": false
              },
              "extra_inputs": {
                "tool_mode": false,
                "trace_as_input": true,
                "trace_as_metadata": true,
                "list": false,
                "list_add_label": "Add More",
                "required": false,
                "placeholder": "",
                "show": true,
                "name": "extra_inputs",
                "value": {},
                "display_name": "额外输入",
                "advanced": false,
                "input_types": [
                  "Data"
                ],
                "dynamic": false,
                "info": " 目前支持[model, molecule]",
                "title_case": false,
                "type": "NestedDict",
                "_input_type": "NestedDictInput"
              },
              "headers": {
                "tool_mode": false,
                "trace_as_input": true,
                "trace_as_metadata": true,
                "list": false,
                "list_add_label": "Add More",
                "required": false,
                "placeholder": "",
                "show": true,
                "name": "headers",
                "value": {},
                "display_name": "Custom Headers",
                "advanced": true,
                "input_types": [
                  "Data"
                ],
                "dynamic": false,
                "info": "Headers to include with the request.",
                "title_case": false,
                "type": "NestedDict",
                "_input_type": "NestedDictInput"
              },
              "model": {
                "tool_mode": false,
                "trace_as_metadata": true,
                "options": [
                  "esmfold"
                ],
                "options_metadata": [],
                "combobox": false,
                "dialog_inputs": {},
                "required": false,
                "placeholder": "",
                "show": true,
                "name": "model",
                "value": "esmfold",
                "display_name": "model",
                "advanced": false,
                "dynamic": false,
                "info": "Choose the model",
                "title_case": false,
                "type": "str",
                "_input_type": "DropdownInput"
              },
              "protein": {
                "tool_mode": false,
                "trace_as_input": true,
                "trace_as_metadata": true,
                "load_from_db": false,
                "list": false,
                "list_add_label": "Add More",
                "required": false,
                "placeholder": "",
                "show": true,
                "name": "protein",
                "value": "",
                "display_name": "protein",
                "advanced": false,
                "input_types": [
                  "Message"
                ],
                "dynamic": false,
                "info": "protein",
                "title_case": false,
                "type": "str",
                "_input_type": "MessageTextInput"
              },
              "query_params": {
                "tool_mode": false,
                "trace_as_input": true,
                "trace_as_metadata": true,
                "list": false,
                "list_add_label": "Add More",
                "required": false,
                "placeholder": "",
                "show": true,
                "name": "query_params",
                "value": {},
                "display_name": "Query Parameters",
                "advanced": true,
                "input_types": [
                  "Data"
                ],
                "dynamic": false,
                "info": "Query parameters to append to the URL.",
                "title_case": false,
                "type": "NestedDict",
                "_input_type": "NestedDictInput"
              },
              "timeout": {
                "tool_mode": false,
                "trace_as_metadata": true,
                "list": false,
                "list_add_label": "Add More",
                "required": false,
                "placeholder": "",
                "show": true,
                "name": "timeout",
                "value": 500,
                "display_name": "Timeout (seconds)",
                "advanced": true,
                "dynamic": false,
                "info": "Specify the timeout duration for the request.",
                "title_case": false,
                "type": "int",
                "_input_type": "IntInput"
              }
            },
            "description": "\n     工具名称：蛋白质折叠\n    功能描述：给定一个蛋白质序列，预测其三维结构\n    工具输入：\n    - protein：蛋白质（建议使用氨基酸序列或UniProt检索结果作为输入）\n    工具输出：\n    - protein：包含结构信息的蛋白质，为一个服务器端的文件路径，可以传递到其他工具中作为输入（如结构可视化）\n        ",
            "icon": "Globe",
            "base_classes": [
              "Data"
            ],
            "display_name": "PROTEIN_FOLDING",
            "documentation": "",
            "minimized": false,
            "custom_fields": {},
            "output_types": [],
            "pinned": false,
            "conditional_paths": [],
            "frozen": false,
            "outputs": [
              {
                "types": [
                  "Data"
                ],
                "selected": "Data",
                "name": "response",
                "display_name": "Response Data",
                "method": "make_requests",
                "value": "__UNDEFINED__",
                "cache": true,
                "allows_loop": false,
                "tool_mode": true
              }
            ],
            "field_order": [
              "protein",
              "timeout",
              "api_key",
              "auth_type",
              "headers",
              "model",
              "body",
              "extra_inputs",
              "query_params"
            ],
            "beta": false,
            "legacy": false,
            "edited": false,
            "metadata": {},
            "tool_mode": false,
            "lf_version": "1.1.5"
          },
          "showNode": true,
          "type": "PROTEIN_FOLDING",
          "id": "PROTEIN_FOLDING-iAfOO"
        },
        "selected": false,
        "measured": {
          "width": 320,
          "height": 668
        }
      },
      {
        "id": "ParseData-zcXMD",
        "type": "genericNode",
        "position": {
          "x": 1662.4024447061174,
          "y": 349.7627926673858
        },
        "data": {
          "node": {
            "template": {
              "_type": "Component",
              "data": {
                "tool_mode": false,
                "trace_as_metadata": true,
                "list": true,
                "list_add_label": "Add More",
                "trace_as_input": true,
                "required": true,
                "placeholder": "",
                "show": true,
                "name": "data",
                "value": "",
                "display_name": "Data",
                "advanced": false,
                "input_types": [
                  "Data"
                ],
                "dynamic": false,
                "info": "The data to convert to text.",
                "title_case": false,
                "type": "other",
                "_input_type": "DataInput"
              },
              "code": {
                "type": "code",
                "required": true,
                "placeholder": "",
                "list": false,
                "show": true,
                "multiline": true,
                "value": "from langflow.custom import Component\nfrom langflow.helpers.data import data_to_text, data_to_text_list\nfrom langflow.io import DataInput, MultilineInput, Output, StrInput\nfrom langflow.schema import Data\nfrom langflow.schema.message import Message\n\n\nclass ParseDataComponent(Component):\n    display_name = \"Data to Message\"\n    description = \"Convert Data objects into Messages using any {field_name} from input data.\"\n    icon = \"message-square\"\n    name = \"ParseData\"\n\n    inputs = [\n        DataInput(name=\"data\", display_name=\"Data\", info=\"The data to convert to text.\", is_list=True, required=True),\n        MultilineInput(\n            name=\"template\",\n            display_name=\"Template\",\n            info=\"The template to use for formatting the data. \"\n            \"It can contain the keys {text}, {data} or any other key in the Data.\",\n            value=\"{text}\",\n            required=True,\n        ),\n        StrInput(name=\"sep\", display_name=\"Separator\", advanced=True, value=\"\\n\"),\n    ]\n\n    outputs = [\n        Output(\n            display_name=\"Message\",\n            name=\"text\",\n            info=\"Data as a single Message, with each input Data separated by Separator\",\n            method=\"parse_data\",\n        ),\n        Output(\n            display_name=\"Data List\",\n            name=\"data_list\",\n            info=\"Data as a list of new Data, each having `text` formatted by Template\",\n            method=\"parse_data_as_list\",\n        ),\n    ]\n\n    def _clean_args(self) -> tuple[list[Data], str, str]:\n        data = self.data if isinstance(self.data, list) else [self.data]\n        template = self.template\n        sep = self.sep\n        return data, template, sep\n\n    def parse_data(self) -> Message:\n        data, template, sep = self._clean_args()\n        result_string = data_to_text(template, data, sep)\n        self.status = result_string\n        return Message(text=result_string)\n\n    def parse_data_as_list(self) -> list[Data]:\n        data, template, _ = self._clean_args()\n        text_list, data_list = data_to_text_list(template, data)\n        for item, text in zip(data_list, text_list, strict=True):\n            item.set_text(text)\n        self.status = data_list\n        return data_list\n",
                "fileTypes": [],
                "file_path": "",
                "password": false,
                "name": "code",
                "advanced": true,
                "dynamic": true,
                "info": "",
                "load_from_db": false,
                "title_case": false
              },
              "sep": {
                "tool_mode": false,
                "trace_as_metadata": true,
                "load_from_db": false,
                "list": false,
                "list_add_label": "Add More",
                "required": false,
                "placeholder": "",
                "show": true,
                "name": "sep",
                "value": "\n",
                "display_name": "Separator",
                "advanced": true,
                "dynamic": false,
                "info": "",
                "title_case": false,
                "type": "str",
                "_input_type": "StrInput"
              },
              "template": {
                "tool_mode": false,
                "trace_as_input": true,
                "multiline": true,
                "trace_as_metadata": true,
                "load_from_db": false,
                "list": false,
                "list_add_label": "Add More",
                "required": true,
                "placeholder": "",
                "show": true,
                "name": "template",
                "value": "{protein}",
                "display_name": "Template",
                "advanced": false,
                "input_types": [
                  "Message"
                ],
                "dynamic": false,
                "info": "The template to use for formatting the data. It can contain the keys {text}, {data} or any other key in the Data.",
                "title_case": false,
                "type": "str",
                "_input_type": "MultilineInput"
              }
            },
            "description": "Convert Data objects into Messages using any {field_name} from input data.",
            "icon": "message-square",
            "base_classes": [
              "Data",
              "Message"
            ],
            "display_name": "Data to Message",
            "documentation": "",
            "minimized": false,
            "custom_fields": {},
            "output_types": [],
            "pinned": false,
            "conditional_paths": [],
            "frozen": false,
            "outputs": [
              {
                "types": [
                  "Message"
                ],
                "selected": "Message",
                "name": "text",
                "display_name": "Message",
                "method": "parse_data",
                "value": "__UNDEFINED__",
                "cache": true,
                "allows_loop": false,
                "tool_mode": true
              },
              {
                "types": [
                  "Data"
                ],
                "selected": "Data",
                "name": "data_list",
                "display_name": "Data List",
                "method": "parse_data_as_list",
                "value": "__UNDEFINED__",
                "cache": true,
                "allows_loop": false,
                "tool_mode": true
              }
            ],
            "field_order": [
              "data",
              "template",
              "sep"
            ],
            "beta": false,
            "legacy": false,
            "edited": false,
            "metadata": {},
            "tool_mode": false,
            "lf_version": "1.1.5"
          },
          "showNode": true,
          "type": "ParseData",
          "id": "ParseData-zcXMD"
        },
        "selected": false,
        "measured": {
          "width": 320,
          "height": 342
        },
        "dragging": false
      },
      {
        "id": "VISUALIZE_PROTEIN-QrnE4",
        "type": "genericNode",
        "position": {
          "x": 2120.6854083782814,
          "y": 118.382143256358
        },
        "data": {
          "node": {
            "template": {
              "_type": "Component",
              "api_key": {
                "load_from_db": false,
                "required": false,
                "placeholder": "",
                "show": true,
                "name": "api_key",
                "value": "",
                "display_name": "API Key",
                "advanced": true,
                "input_types": [
                  "Message"
                ],
                "dynamic": false,
                "info": "",
                "title_case": false,
                "password": true,
                "type": "str",
                "_input_type": "SecretStrInput"
              },
              "auth_type": {
                "tool_mode": false,
                "trace_as_metadata": true,
                "options": [
                  "None",
                  "Basic",
                  "Bearer"
                ],
                "options_metadata": [],
                "combobox": false,
                "dialog_inputs": {},
                "required": false,
                "placeholder": "",
                "show": true,
                "name": "auth_type",
                "value": "None",
                "display_name": "Authentication Type",
                "advanced": true,
                "dynamic": false,
                "info": "Choose the type of authentication for the request.",
                "title_case": false,
                "type": "str",
                "_input_type": "DropdownInput"
              },
              "body": {
                "tool_mode": false,
                "trace_as_input": true,
                "trace_as_metadata": true,
                "list": false,
                "list_add_label": "Add More",
                "required": false,
                "placeholder": "",
                "show": true,
                "name": "body",
                "value": {},
                "display_name": "Body Parameters",
                "advanced": false,
                "input_types": [
                  "Data"
                ],
                "dynamic": false,
                "info": "Body parameters for POST, PUT, PATCH requests.",
                "title_case": false,
                "type": "NestedDict",
                "_input_type": "NestedDictInput"
              },
              "code": {
                "type": "code",
                "required": true,
                "placeholder": "",
                "list": false,
                "show": true,
                "multiline": true,
                "value": "import copy\nimport json\nimport logging\nfrom typing import Any, Dict, List, Optional\nfrom urllib.parse import parse_qsl, urlencode, urlparse, urlunparse\n\nimport requests\nfrom loguru import logger\nfrom langflow.custom import Component\nfrom langflow.io import DataInput, DropdownInput, IntInput, MessageTextInput, MultilineInput, NestedDictInput, Output, \\\n    SecretStrInput, StrInput\nfrom langflow.schema import Data\n\nBodyTemplate = {\n  \"task\": \"visualize_protein\",\n  \"config\": \"\",\n  \"protein\": \"\"\n}\n\nTEXT_INPUTS_KEYS = [\"config\", \"protein\"]\n\nSKIPPED_KEYS = [\"task\"]\n\n\nclass PHARMOLIX_VISUALIZE_PROTEIN(Component):\n    display_name = \"VISUALIZE_PROTEIN\"\n    description = (\n        \"\"\"\n        工具名称：蛋白质可视化\n        功能描述：给定一个蛋白质，可视化其结构\n        工具输入：\n        - protein：蛋白质（目前仅支持PDB/AFDB检索工具或ESMFold工具的输出）\n        - config：可视化风格，目前支持cartoon、all_atom（全原子ball-and-stick）或surface\n        工具输出：\n        - image: 可视化结果的url，可在浏览器中访问下载\n        \"\"\"\n    )\n    icon = \"Globe\"\n    name = \"VISUALIZE_PROTEIN\"\n    custom_inputs = [MessageTextInput(\n        name=key,\n        display_name=key,\n        info=key,\n        value=\"\"\n    ) for key in TEXT_INPUTS_KEYS]\n    inputs = custom_inputs + [\n        IntInput(\n            name=\"timeout\",\n            display_name=\"Timeout (seconds)\",\n            value=500,\n            info=\"Specify the timeout duration for the request.\",\n            advanced=True\n        ),\n        SecretStrInput(\n            name=\"api_key\",\n            display_name=\"API Key\",\n            value=\"None\",\n            advanced=True,\n        ),\n        DropdownInput(\n            name=\"auth_type\",\n            display_name=\"Authentication Type\",\n            options=[\"None\", \"Basic\", \"Bearer\"],\n            value=\"None\",\n            advanced=True,\n            info=\"Choose the type of authentication for the request.\",\n        ),\n        NestedDictInput(\n            name=\"headers\",\n            display_name=\"Custom Headers\",\n            info=\"Headers to include with the request.\",\n            input_types=[\"Data\"],\n            advanced=True,\n        ),\n        DropdownInput(\n            name=\"config\",\n            display_name=\"config\",\n            options = [\"cartoon\", \"all_atom\", \"ball-and-stick\", \"surface\"],\n            value=\"cartoon\",\n            info=\"Choose the model\"\n        ),\n        NestedDictInput(\n            name=\"body\",\n            display_name=\"Body Parameters\",\n            info=\"Body parameters for POST, PUT, PATCH requests.\",\n            input_types=[\"Data\"],\n            advanced=False,\n        ),\n        NestedDictInput(\n            name=\"extra_inputs\",\n            display_name=\"额外输入\",\n            info=\" 目前支持[model, molecule]\",\n            input_types=[\"Data\"],\n            advanced=False,\n        ),\n        NestedDictInput(\n            name=\"query_params\",\n            display_name=\"Query Parameters\",\n            info=\"Query parameters to append to the URL.\",\n            input_types=[\"Data\"],\n            advanced=True,\n        )\n    ]\n\n    outputs = [\n        Output(display_name=\"Response Data\", name=\"response\", method=\"make_requests\"),\n    ]\n\n    def make_request(\n            self,\n            method: str,\n            url: str,\n            headers: Optional[dict] = None,\n            body: Optional[dict] = None,\n            timeout: int = 5,\n            auth: Optional[Any] = None,  # Adding auth parameter\n    ) -> Data:\n        method = method.upper()\n        if method not in [\"GET\", \"POST\", \"PATCH\", \"PUT\", \"DELETE\"]:\n            raise ValueError(f\"Unsupported method: {method}\")\n\n        try:\n            response = requests.request(\n                method, url, headers=headers, json=body, timeout=timeout, auth=auth\n            )\n            try:\n                result = response.json()\n            except json.JSONDecodeError:\n                result = response.text\n            return Data(\n                data=result,\n            )\n        except requests.exceptions.Timeout:\n            return Data(\n                data={\n                    \"source\": url,\n                    \"headers\": headers,\n                    \"status_code\": 408,\n                    \"error\": \"Request timed out\",\n                },\n            )\n        except requests.exceptions.RequestException as exc:\n            return Data(\n                data={\n                    \"source\": url,\n                    \"headers\": headers,\n                    \"status_code\": 500,\n                    \"error\": str(exc),\n                },\n            )\n\n    def add_query_params(self, url: str, params: dict) -> str:\n        url_parts = list(urlparse(url))\n        query = dict(parse_qsl(url_parts[4]))\n        query.update(params)\n        url_parts[4] = urlencode(query)\n        return urlunparse(url_parts)\n\n    def fill_body(self, body: dict, input_body: dict) -> dict:\n        for key in body:\n            if key in SKIPPED_KEYS:\n                continue\n            if isinstance(body[key], dict):\n                body[key] = self.fill_body(body[key], input_body)\n            else:\n                body[key] = getattr(self, key, None) or input_body.get(key)\n                logger.warning(\"key\", getattr(self, key, None))\n        # update keys in\n        logging.warning(str(body))\n        return body\n\n    def make_requests(self) -> Data:\n        method = \"POST\"\n        url = \"http://101.126.41.66:32517/run_pipeline/\"\n        headers = self.headers.data if isinstance(self.headers, Data) else self.headers or {}\n        input_body = self.body.data if isinstance(self.body, Data) else self.body or {}\n        input_extra = self.extra_inputs.data if isinstance(self.extra_inputs, Data) else self.extra_inputs or {}\n        input_body.update(input_extra)\n        body = copy.deepcopy(BodyTemplate)\n        body = self.fill_body(body, input_body)\n        timeout = self.timeout or 5\n        query_params = self.query_params.data if isinstance(self.query_params, Data) else {}\n\n        auth = None\n        # Handling Authentication\n        if self.auth_type == \"Bearer\" and self.api_key:\n            headers[\"Authorization\"] = f\"Bearer {self.api_key}\"\n        elif self.auth_type == \"Basic\" and self.username and self.password:\n            from requests.auth import HTTPBasicAuth\n            auth = HTTPBasicAuth(self.username, self.password)\n        else:\n            auth = None\n\n        url = self.add_query_params(url, query_params)\n\n        if not url:\n            logger.warning(\"No URLs provided; returning empty result set.\")\n            return Data(\n                data={\n                    \"source\": url,\n                    \"headers\": headers,\n                    \"status_code\": 404,\n                    \"error\": \"Url not provided\",\n                },\n            )\n\n        self.status = self.make_request(method, url, headers, body, timeout, auth=auth)\n        return self.status\n",
                "fileTypes": [],
                "file_path": "",
                "password": false,
                "name": "code",
                "advanced": true,
                "dynamic": true,
                "info": "",
                "load_from_db": false,
                "title_case": false
              },
              "config": {
                "tool_mode": false,
                "trace_as_metadata": true,
                "options": [
                  "cartoon",
                  "all_atom",
                  "ball-and-stick",
                  "surface"
                ],
                "options_metadata": [],
                "combobox": false,
                "dialog_inputs": {},
                "required": false,
                "placeholder": "",
                "show": true,
                "name": "config",
                "value": "cartoon",
                "display_name": "config",
                "advanced": false,
                "dynamic": false,
                "info": "Choose the model",
                "title_case": false,
                "type": "str",
                "_input_type": "DropdownInput"
              },
              "extra_inputs": {
                "tool_mode": false,
                "trace_as_input": true,
                "trace_as_metadata": true,
                "list": false,
                "list_add_label": "Add More",
                "required": false,
                "placeholder": "",
                "show": true,
                "name": "extra_inputs",
                "value": {},
                "display_name": "额外输入",
                "advanced": false,
                "input_types": [
                  "Data"
                ],
                "dynamic": false,
                "info": " 目前支持[model, molecule]",
                "title_case": false,
                "type": "NestedDict",
                "_input_type": "NestedDictInput"
              },
              "headers": {
                "tool_mode": false,
                "trace_as_input": true,
                "trace_as_metadata": true,
                "list": false,
                "list_add_label": "Add More",
                "required": false,
                "placeholder": "",
                "show": true,
                "name": "headers",
                "value": {},
                "display_name": "Custom Headers",
                "advanced": true,
                "input_types": [
                  "Data"
                ],
                "dynamic": false,
                "info": "Headers to include with the request.",
                "title_case": false,
                "type": "NestedDict",
                "_input_type": "NestedDictInput"
              },
              "protein": {
                "tool_mode": false,
                "trace_as_input": true,
                "trace_as_metadata": true,
                "load_from_db": false,
                "list": false,
                "list_add_label": "Add More",
                "required": false,
                "placeholder": "",
                "show": true,
                "name": "protein",
                "value": "",
                "display_name": "protein",
                "advanced": false,
                "input_types": [
                  "Message"
                ],
                "dynamic": false,
                "info": "protein",
                "title_case": false,
                "type": "str",
                "_input_type": "MessageTextInput"
              },
              "query_params": {
                "tool_mode": false,
                "trace_as_input": true,
                "trace_as_metadata": true,
                "list": false,
                "list_add_label": "Add More",
                "required": false,
                "placeholder": "",
                "show": true,
                "name": "query_params",
                "value": {},
                "display_name": "Query Parameters",
                "advanced": true,
                "input_types": [
                  "Data"
                ],
                "dynamic": false,
                "info": "Query parameters to append to the URL.",
                "title_case": false,
                "type": "NestedDict",
                "_input_type": "NestedDictInput"
              },
              "timeout": {
                "tool_mode": false,
                "trace_as_metadata": true,
                "list": false,
                "list_add_label": "Add More",
                "required": false,
                "placeholder": "",
                "show": true,
                "name": "timeout",
                "value": 500,
                "display_name": "Timeout (seconds)",
                "advanced": true,
                "dynamic": false,
                "info": "Specify the timeout duration for the request.",
                "title_case": false,
                "type": "int",
                "_input_type": "IntInput"
              }
            },
            "description": "\n        工具名称：蛋白质可视化\n        功能描述：给定一个蛋白质，可视化其结构\n        工具输入：\n        - protein：蛋白质（目前仅支持PDB/AFDB检索工具或ESMFold工具的输出）\n        - config：可视化风格，目前支持cartoon、all_atom（全原子ball-and-stick）或surface\n        工具输出：\n        - image: 可视化结果的url，可在浏览器中访问下载\n        ",
            "icon": "Globe",
            "base_classes": [
              "Data"
            ],
            "display_name": "VISUALIZE_PROTEIN",
            "documentation": "",
            "minimized": false,
            "custom_fields": {},
            "output_types": [],
            "pinned": false,
            "conditional_paths": [],
            "frozen": false,
            "outputs": [
              {
                "types": [
                  "Data"
                ],
                "selected": "Data",
                "name": "response",
                "display_name": "Response Data",
                "method": "make_requests",
                "value": "__UNDEFINED__",
                "cache": true,
                "allows_loop": false,
                "tool_mode": true
              }
            ],
            "field_order": [
              "config",
              "protein",
              "timeout",
              "api_key",
              "auth_type",
              "headers",
              "config",
              "body",
              "extra_inputs",
              "query_params"
            ],
            "beta": false,
            "legacy": false,
            "edited": false,
            "metadata": {},
            "tool_mode": false,
            "lf_version": "1.1.5"
          },
          "showNode": true,
          "type": "VISUALIZE_PROTEIN",
          "id": "VISUALIZE_PROTEIN-QrnE4"
        },
        "selected": false,
        "measured": {
          "width": 320,
          "height": 707
        },
        "dragging": false
      },
      {
        "id": "ParseData-8NITp",
        "type": "genericNode",
        "position": {
          "x": 2565.5333666007737,
          "y": 348.27001428408875
        },
        "data": {
          "node": {
            "template": {
              "_type": "Component",
              "data": {
                "tool_mode": false,
                "trace_as_metadata": true,
                "list": true,
                "list_add_label": "Add More",
                "trace_as_input": true,
                "required": true,
                "placeholder": "",
                "show": true,
                "name": "data",
                "value": "",
                "display_name": "Data",
                "advanced": false,
                "input_types": [
                  "Data"
                ],
                "dynamic": false,
                "info": "The data to convert to text.",
                "title_case": false,
                "type": "other",
                "_input_type": "DataInput"
              },
              "code": {
                "type": "code",
                "required": true,
                "placeholder": "",
                "list": false,
                "show": true,
                "multiline": true,
                "value": "from langflow.custom import Component\nfrom langflow.helpers.data import data_to_text, data_to_text_list\nfrom langflow.io import DataInput, MultilineInput, Output, StrInput\nfrom langflow.schema import Data\nfrom langflow.schema.message import Message\n\n\nclass ParseDataComponent(Component):\n    display_name = \"Data to Message\"\n    description = \"Convert Data objects into Messages using any {field_name} from input data.\"\n    icon = \"message-square\"\n    name = \"ParseData\"\n\n    inputs = [\n        DataInput(name=\"data\", display_name=\"Data\", info=\"The data to convert to text.\", is_list=True, required=True),\n        MultilineInput(\n            name=\"template\",\n            display_name=\"Template\",\n            info=\"The template to use for formatting the data. \"\n            \"It can contain the keys {text}, {data} or any other key in the Data.\",\n            value=\"{text}\",\n            required=True,\n        ),\n        StrInput(name=\"sep\", display_name=\"Separator\", advanced=True, value=\"\\n\"),\n    ]\n\n    outputs = [\n        Output(\n            display_name=\"Message\",\n            name=\"text\",\n            info=\"Data as a single Message, with each input Data separated by Separator\",\n            method=\"parse_data\",\n        ),\n        Output(\n            display_name=\"Data List\",\n            name=\"data_list\",\n            info=\"Data as a list of new Data, each having `text` formatted by Template\",\n            method=\"parse_data_as_list\",\n        ),\n    ]\n\n    def _clean_args(self) -> tuple[list[Data], str, str]:\n        data = self.data if isinstance(self.data, list) else [self.data]\n        template = self.template\n        sep = self.sep\n        return data, template, sep\n\n    def parse_data(self) -> Message:\n        data, template, sep = self._clean_args()\n        result_string = data_to_text(template, data, sep)\n        self.status = result_string\n        return Message(text=result_string)\n\n    def parse_data_as_list(self) -> list[Data]:\n        data, template, _ = self._clean_args()\n        text_list, data_list = data_to_text_list(template, data)\n        for item, text in zip(data_list, text_list, strict=True):\n            item.set_text(text)\n        self.status = data_list\n        return data_list\n",
                "fileTypes": [],
                "file_path": "",
                "password": false,
                "name": "code",
                "advanced": true,
                "dynamic": true,
                "info": "",
                "load_from_db": false,
                "title_case": false
              },
              "sep": {
                "tool_mode": false,
                "trace_as_metadata": true,
                "load_from_db": false,
                "list": false,
                "list_add_label": "Add More",
                "required": false,
                "placeholder": "",
                "show": true,
                "name": "sep",
                "value": "\n",
                "display_name": "Separator",
                "advanced": true,
                "dynamic": false,
                "info": "",
                "title_case": false,
                "type": "str",
                "_input_type": "StrInput"
              },
              "template": {
                "tool_mode": false,
                "trace_as_input": true,
                "multiline": true,
                "trace_as_metadata": true,
                "load_from_db": false,
                "list": false,
                "list_add_label": "Add More",
                "required": true,
                "placeholder": "",
                "show": true,
                "name": "template",
                "value": "{image}",
                "display_name": "Template",
                "advanced": false,
                "input_types": [
                  "Message"
                ],
                "dynamic": false,
                "info": "The template to use for formatting the data. It can contain the keys {text}, {data} or any other key in the Data.",
                "title_case": false,
                "type": "str",
                "_input_type": "MultilineInput"
              }
            },
            "description": "Convert Data objects into Messages using any {field_name} from input data.",
            "icon": "message-square",
            "base_classes": [
              "Data",
              "Message"
            ],
            "display_name": "Data to Message",
            "documentation": "",
            "minimized": false,
            "custom_fields": {},
            "output_types": [],
            "pinned": false,
            "conditional_paths": [],
            "frozen": false,
            "outputs": [
              {
                "types": [
                  "Message"
                ],
                "selected": "Message",
                "name": "text",
                "display_name": "Message",
                "method": "parse_data",
                "value": "__UNDEFINED__",
                "cache": true,
                "allows_loop": false,
                "tool_mode": true
              },
              {
                "types": [
                  "Data"
                ],
                "selected": "Data",
                "name": "data_list",
                "display_name": "Data List",
                "method": "parse_data_as_list",
                "value": "__UNDEFINED__",
                "cache": true,
                "allows_loop": false,
                "tool_mode": true
              }
            ],
            "field_order": [
              "data",
              "template",
              "sep"
            ],
            "beta": false,
            "legacy": false,
            "edited": false,
            "metadata": {},
            "tool_mode": false,
            "lf_version": "1.1.5"
          },
          "showNode": true,
          "type": "ParseData",
          "id": "ParseData-8NITp"
        },
        "selected": false,
        "measured": {
          "width": 320,
          "height": 342
        },
        "dragging": false
      },
      {
        "id": "Image output-E8nFT",
        "type": "genericNode",
        "position": {
          "x": 3013.3668815898595,
          "y": 336.3277872177131
        },
        "data": {
          "node": {
            "template": {
              "_type": "Component",
              "input_value": {
                "tool_mode": false,
                "trace_as_input": true,
                "trace_as_metadata": true,
                "load_from_db": false,
                "list": false,
                "list_add_label": "Add More",
                "required": false,
                "placeholder": "",
                "show": true,
                "name": "input_value",
                "value": "http://openbiomed.oss-cn-beijing.aliyuncs.com/protein_2025_03_07_02_52_15_638_20250307_025219..png?OSSAccessKeyId=LTAI5tMK5JzKbcY7BAAa7eu3&Expires=1741325939&Signature=PyYjEXvHk0Y0Ku9t4Lh7YVz1SJE%3D",
                "display_name": "Text",
                "advanced": false,
                "input_types": [
                  "Message"
                ],
                "dynamic": false,
                "info": "Text to be passed as output.",
                "title_case": false,
                "type": "image",
                "_input_type": "ImageTextInput"
              },
              "code": {
                "type": "code",
                "required": true,
                "placeholder": "",
                "list": false,
                "show": true,
                "multiline": true,
                "value": "from langflow.custom import Component\nfrom langflow.io import Output, ImageTextInput\nfrom langflow.schema.message import Message\n\n\nclass ImageOutputComponent(Component):\n    display_name = \"Image Output\"\n    description = \"Display a image output in the Playground.\"\n    icon = \"type\"\n    name = \"Image output\"\n\n    inputs = [\n        ImageTextInput(\n            name=\"input_value\",\n            display_name=\"Text\",\n            info=\"Text to be passed as output.\",\n        ),\n    ]\n    outputs = [\n        Output(display_name=\"Message\", name=\"text\", method=\"text_response\"),\n    ]\n    def text_response(self) -> Message:\n        #\n        message = Message(\n            text=self.input_value,\n        )\n        self.status = self.input_value\n        return message\n",
                "fileTypes": [],
                "file_path": "",
                "password": false,
                "name": "code",
                "advanced": true,
                "dynamic": true,
                "info": "",
                "load_from_db": false,
                "title_case": false
              }
            },
            "description": "Display a image output in the Playground.",
            "icon": "type",
            "base_classes": [
              "Message"
            ],
            "display_name": "Image Output",
            "documentation": "",
            "minimized": false,
            "custom_fields": {},
            "output_types": [],
            "pinned": false,
            "conditional_paths": [],
            "frozen": false,
            "outputs": [
              {
                "types": [
                  "Message"
                ],
                "selected": "Message",
                "name": "text",
                "display_name": "Message",
                "method": "text_response",
                "value": "__UNDEFINED__",
                "cache": true,
                "allows_loop": false,
                "tool_mode": true
              }
            ],
            "field_order": [
              "input_value"
            ],
            "beta": false,
            "legacy": false,
            "edited": false,
            "metadata": {},
            "tool_mode": false,
            "lf_version": "1.1.5"
          },
          "showNode": true,
          "type": "Image output",
          "id": "Image output-E8nFT"
        },
        "selected": false,
        "measured": {
          "width": 320,
          "height": 378
        },
        "dragging": false
      }
    ],
    "edges": [
      {
        "source": "PROTEIN_UNIPROT_REQUEST-moPQh",
        "sourceHandle": "{œdataTypeœ:œPROTEIN_UNIPROT_REQUESTœ,œidœ:œPROTEIN_UNIPROT_REQUEST-moPQhœ,œnameœ:œresponseœ,œoutput_typesœ:[œDataœ]}",
        "target": "ParseData-D94Nz",
        "targetHandle": "{œfieldNameœ:œdataœ,œidœ:œParseData-D94Nzœ,œinputTypesœ:[œDataœ],œtypeœ:œotherœ}",
        "data": {
          "targetHandle": {
            "fieldName": "data",
            "id": "ParseData-D94Nz",
            "inputTypes": [
              "Data"
            ],
            "type": "other"
          },
          "sourceHandle": {
            "dataType": "PROTEIN_UNIPROT_REQUEST",
            "id": "PROTEIN_UNIPROT_REQUEST-moPQh",
            "name": "response",
            "output_types": [
              "Data"
            ]
          }
        },
        "id": "xy-edge__PROTEIN_UNIPROT_REQUEST-moPQh{œdataTypeœ:œPROTEIN_UNIPROT_REQUESTœ,œidœ:œPROTEIN_UNIPROT_REQUEST-moPQhœ,œnameœ:œresponseœ,œoutput_typesœ:[œDataœ]}-ParseData-D94Nz{œfieldNameœ:œdataœ,œidœ:œParseData-D94Nzœ,œinputTypesœ:[œDataœ],œtypeœ:œotherœ}",
        "animated": false,
        "className": ""
      },
      {
        "source": "ParseData-D94Nz",
        "sourceHandle": "{œdataTypeœ:œParseDataœ,œidœ:œParseData-D94Nzœ,œnameœ:œtextœ,œoutput_typesœ:[œMessageœ]}",
        "target": "PROTEIN_FOLDING-iAfOO",
        "targetHandle": "{œfieldNameœ:œproteinœ,œidœ:œPROTEIN_FOLDING-iAfOOœ,œinputTypesœ:[œMessageœ],œtypeœ:œstrœ}",
        "data": {
          "targetHandle": {
            "fieldName": "protein",
            "id": "PROTEIN_FOLDING-iAfOO",
            "inputTypes": [
              "Message"
            ],
            "type": "str"
          },
          "sourceHandle": {
            "dataType": "ParseData",
            "id": "ParseData-D94Nz",
            "name": "text",
            "output_types": [
              "Message"
            ]
          }
        },
        "id": "xy-edge__ParseData-D94Nz{œdataTypeœ:œParseDataœ,œidœ:œParseData-D94Nzœ,œnameœ:œtextœ,œoutput_typesœ:[œMessageœ]}-PROTEIN_FOLDING-iAfOO{œfieldNameœ:œproteinœ,œidœ:œPROTEIN_FOLDING-iAfOOœ,œinputTypesœ:[œMessageœ],œtypeœ:œstrœ}",
        "animated": false,
        "className": ""
      },
      {
        "source": "PROTEIN_FOLDING-iAfOO",
        "sourceHandle": "{œdataTypeœ:œPROTEIN_FOLDINGœ,œidœ:œPROTEIN_FOLDING-iAfOOœ,œnameœ:œresponseœ,œoutput_typesœ:[œDataœ]}",
        "target": "ParseData-zcXMD",
        "targetHandle": "{œfieldNameœ:œdataœ,œidœ:œParseData-zcXMDœ,œinputTypesœ:[œDataœ],œtypeœ:œotherœ}",
        "data": {
          "targetHandle": {
            "fieldName": "data",
            "id": "ParseData-zcXMD",
            "inputTypes": [
              "Data"
            ],
            "type": "other"
          },
          "sourceHandle": {
            "dataType": "PROTEIN_FOLDING",
            "id": "PROTEIN_FOLDING-iAfOO",
            "name": "response",
            "output_types": [
              "Data"
            ]
          }
        },
        "id": "xy-edge__PROTEIN_FOLDING-iAfOO{œdataTypeœ:œPROTEIN_FOLDINGœ,œidœ:œPROTEIN_FOLDING-iAfOOœ,œnameœ:œresponseœ,œoutput_typesœ:[œDataœ]}-ParseData-zcXMD{œfieldNameœ:œdataœ,œidœ:œParseData-zcXMDœ,œinputTypesœ:[œDataœ],œtypeœ:œotherœ}",
        "animated": false,
        "className": ""
      },
      {
        "source": "ParseData-zcXMD",
        "sourceHandle": "{œdataTypeœ:œParseDataœ,œidœ:œParseData-zcXMDœ,œnameœ:œtextœ,œoutput_typesœ:[œMessageœ]}",
        "target": "VISUALIZE_PROTEIN-QrnE4",
        "targetHandle": "{œfieldNameœ:œproteinœ,œidœ:œVISUALIZE_PROTEIN-QrnE4œ,œinputTypesœ:[œMessageœ],œtypeœ:œstrœ}",
        "data": {
          "targetHandle": {
            "fieldName": "protein",
            "id": "VISUALIZE_PROTEIN-QrnE4",
            "inputTypes": [
              "Message"
            ],
            "type": "str"
          },
          "sourceHandle": {
            "dataType": "ParseData",
            "id": "ParseData-zcXMD",
            "name": "text",
            "output_types": [
              "Message"
            ]
          }
        },
        "id": "xy-edge__ParseData-zcXMD{œdataTypeœ:œParseDataœ,œidœ:œParseData-zcXMDœ,œnameœ:œtextœ,œoutput_typesœ:[œMessageœ]}-VISUALIZE_PROTEIN-QrnE4{œfieldNameœ:œproteinœ,œidœ:œVISUALIZE_PROTEIN-QrnE4œ,œinputTypesœ:[œMessageœ],œtypeœ:œstrœ}",
        "animated": false,
        "className": ""
      },
      {
        "source": "VISUALIZE_PROTEIN-QrnE4",
        "sourceHandle": "{œdataTypeœ:œVISUALIZE_PROTEINœ,œidœ:œVISUALIZE_PROTEIN-QrnE4œ,œnameœ:œresponseœ,œoutput_typesœ:[œDataœ]}",
        "target": "ParseData-8NITp",
        "targetHandle": "{œfieldNameœ:œdataœ,œidœ:œParseData-8NITpœ,œinputTypesœ:[œDataœ],œtypeœ:œotherœ}",
        "data": {
          "targetHandle": {
            "fieldName": "data",
            "id": "ParseData-8NITp",
            "inputTypes": [
              "Data"
            ],
            "type": "other"
          },
          "sourceHandle": {
            "dataType": "VISUALIZE_PROTEIN",
            "id": "VISUALIZE_PROTEIN-QrnE4",
            "name": "response",
            "output_types": [
              "Data"
            ]
          }
        },
        "id": "xy-edge__VISUALIZE_PROTEIN-QrnE4{œdataTypeœ:œVISUALIZE_PROTEINœ,œidœ:œVISUALIZE_PROTEIN-QrnE4œ,œnameœ:œresponseœ,œoutput_typesœ:[œDataœ]}-ParseData-8NITp{œfieldNameœ:œdataœ,œidœ:œParseData-8NITpœ,œinputTypesœ:[œDataœ],œtypeœ:œotherœ}",
        "animated": false,
        "className": ""
      },
      {
        "source": "ParseData-8NITp",
        "sourceHandle": "{œdataTypeœ:œParseDataœ,œidœ:œParseData-8NITpœ,œnameœ:œtextœ,œoutput_typesœ:[œMessageœ]}",
        "target": "Image output-E8nFT",
        "targetHandle": "{œfieldNameœ:œinput_valueœ,œidœ:œImage output-E8nFTœ,œinputTypesœ:[œMessageœ],œtypeœ:œimageœ}",
        "data": {
          "targetHandle": {
            "fieldName": "input_value",
            "id": "Image output-E8nFT",
            "inputTypes": [
              "Message"
            ],
            "type": "image"
          },
          "sourceHandle": {
            "dataType": "ParseData",
            "id": "ParseData-8NITp",
            "name": "text",
            "output_types": [
              "Message"
            ]
          }
        },
        "id": "xy-edge__ParseData-8NITp{œdataTypeœ:œParseDataœ,œidœ:œParseData-8NITpœ,œnameœ:œtextœ,œoutput_typesœ:[œMessageœ]}-Image output-E8nFT{œfieldNameœ:œinput_valueœ,œidœ:œImage output-E8nFTœ,œinputTypesœ:[œMessageœ],œtypeœ:œimageœ}",
        "animated": false,
        "className": ""
      }
    ],
    "viewport": {
      "zoom": 1,
      "x": 0,
      "y": 0
    }
  },
  "updated_at": "2025-03-10T09:41:53+00:00"
}